,id_feu,siniestro_fecha,siniestro_hora,zona_ocurrencia,via_publica,nombre_via,altura_km,entre_calle_1,latitud,longitud,ilesos,heridos,fallecidos,vehiculos,peatones,tipo_colision,cantidad_de_involucrados,material_de_la_calzada,estado_de_la_calzada,estado_fisico_ambiental,luminosidad,luz_artificial,estado_ambiental,visibilidad,semaforo,tipo_involucrado
0,71290,2020-12-28,17:34:00,Urbana,Calle,HIPOLITO IRIGOYEN,2500,ITUZAINGO,-2.751.527,-5.875.677,1,1,0,2,0,Angulo,2,Asfalto,Apto,Seca,Día,,Despejado,,,Automóvil
1,71290,2020-12-28,17:34:00,Urbana,Calle,HIPOLITO IRIGOYEN,2500,ITUZAINGO,-2.751.527,-5.875.677,1,1,0,2,0,Angulo,2,Asfalto,Apto,Seca,Día,,Despejado,,,Motocicleta
2,75820,2020-12-27,12:15:00,Urbana,Avenida,AV CUBA,6200,TURIN,-2.750.558,-5.878.565,1,1,0,2,0,Angulo,2,Hormigón,Apto,Seca,Día,NO,Despejado,,Sin Semáforo,Motocicleta
3,75820,2020-12-27,12:15:00,Urbana,Avenida,AV CUBA,6200,TURIN,-2.750.558,-5.878.565,1,1,0,2,0,Angulo,2,Hormigón,Apto,Seca,Día,NO,Despejado,,Sin Semáforo,Automóvil
4,72215,2020-12-27,19:22:00,Rural,Ruta Provincial,RUTA 5KM,9.300,,-2.747.903,-5.881.874,2,1,0,2,0,Angulo,2,,Apto,Seca,Día,SI,Despejado,Buena,,Automóvil
5,72215,2020-12-27,19:22:00,Rural,Ruta Provincial,RUTA 5KM,9.300,,-2.747.903,-5.881.874,2,1,0,2,0,Angulo,2,,Apto,Seca,Día,SI,Despejado,Buena,,Motocicleta
6,79464,2020-12-26,07:14:00,Urbana,Avenida,AV COLON,3000,IV CENTENARIO,-2.748.913,-5.883.815,1,1,0,2,0,Angulo,2,Asfalto,Apto,Seca,Día,NO,Despejado,Buena,Funciona,Motocicleta
7,79464,2020-12-26,07:14:00,Urbana,Avenida,AV COLON,3000,IV CENTENARIO,-2.748.913,-5.883.815,1,1,0,2,0,Angulo,2,Asfalto,Apto,Seca,Día,NO,Despejado,Buena,Funciona,Transporte de pasajeros
8,84248,2020-12-25,19:25:00,Urbana,Avenida,AV GOBERNADOR RUIZ,2400,VELEZSARSFIELD,-2.746.673,-5.881.942,1,1,0,2,0,Lateral,2,Asfalto,Apto,Seca,Día,NO,Despejado,Buena,Sin Semáforo,Motocicleta
9,84248,2020-12-25,19:25:00,Urbana,Avenida,AV GOBERNADOR RUIZ,2400,VELEZSARSFIELD,-2.746.673,-5.881.942,1,1,0,2,0,Lateral,2,Asfalto,Apto,Seca,Día,NO,Despejado,Buena,Sin Semáforo,Automóvil
10,84767,2020-12-21,13:25:00,Urbana,Calle,ESTADOS UNIDOS,871,,-2.746.928,-5.881.330,0,1,0,1,0,,1,Hormigón,Apto,Seca,Día,NO,Despejado,Buena,Sin Semáforo,Motocicleta
11,76784,2020-12-19,08:45:00,Urbana,Calle,H.YRIGOYEN,2300,PERU,-2.747.010,-5.882.171,2,0,0,2,0,Angulo,2,Asfalto,Apto,Seca,Día,NO,Nublado,Buena,Sin Semáforo,Automóvil
12,76784,2020-12-19,08:45:00,Urbana,Calle,H.YRIGOYEN,2300,PERU,-2.747.010,-5.882.171,2,0,0,2,0,Angulo,2,Asfalto,Apto,Seca,Día,NO,Nublado,Buena,Sin Semáforo,Motocicleta
13,74218,2020-12-19,08:20:00,Urbana,Calle,MEDRANO,1700,LAVALLE,-2.748.321,-5.879.868,2,0,0,2,0,,2,Asfalto,Apto,Seca,Día,NO,Nublado,Buena,Sin Semáforo,Automóvil
14,74218,2020-12-19,08:20:00,Urbana,Calle,MEDRANO,1700,LAVALLE,-2.748.321,-5.879.868,2,0,0,2,0,,2,Asfalto,Apto,Seca,Día,NO,Nublado,Buena,Sin Semáforo,Motocicleta
15,79693,2020-12-18,09:31:00,Urbana,Avenida,AV INDEPENDENCIA,3581,GUEMES,-2.747.930,-5.880.754,2,0,0,2,0,,2,Asfalto,Apto,Seca,Día,SI,Despejado,Buena,Funciona,Automóvil
16,79693,2020-12-18,09:31:00,Urbana,Avenida,AV INDEPENDENCIA,3581,GUEMES,-2.747.930,-5.880.754,2,0,0,2,0,,2,Asfalto,Apto,Seca,Día,SI,Despejado,Buena,Funciona,Automóvil
17,79548,2020-12-18,09:31:00,Urbana,Avenida,AV INDEPENDENCIA,3600,GUEMES,-2.747.932,-5.880.753,2,0,0,2,0,,2,Asfalto,Apto,Seca,Día,SI,Despejado,Buena,Funciona,Automóvil
18,79548,2020-12-18,09:31:00,Urbana,Avenida,AV INDEPENDENCIA,3600,GUEMES,-2.747.932,-5.880.753,2,0,0,2,0,,2,Asfalto,Apto,Seca,Día,SI,Despejado,Buena,Funciona,Automóvil
19,85768,2020-12-17,09:45:00,Urbana,Avenida,AV.R.R.ALFONSIN,4289,,-2.747.470,-5.879.889,2,1,0,2,0,,2,Asfalto,Apto,Seca,Día,NO,Despejado,Buena,Funciona,Automóvil
20,85768,2020-12-17,09:45:00,Urbana,Avenida,AV.R.R.ALFONSIN,4289,,-2.747.470,-5.879.889,2,1,0,2,0,,2,Asfalto,Apto,Seca,Día,NO,Despejado,Buena,Funciona,Motocicleta
21,81296,2020-12-16,11:55:00,Rural,Avenida,AV TTE IBAÑEZ,1561,,-2.748.259,-5.882.418,2,0,0,2,0,Angulo,2,Hormigón,Apto,Despejada,Día,NO,Despejado,Buena,Sin Semáforo,Automóvil
22,81296,2020-12-16,11:55:00,Rural,Avenida,AV TTE IBAÑEZ,1561,,-2.748.259,-5.882.418,2,0,0,2,0,Angulo,2,Hormigón,Apto,Despejada,Día,NO,Despejado,Buena,Sin Semáforo,Automóvil
23,87727,2020-12-16,16:30:00,Urbana,Avenida,AV MAIPU,3500,ACONCAGUA,-2.749.819,-5.881.520,1,1,0,2,0,,2,Asfalto,Apto,Seca,Día,NO,Despejado,Buena,Sin Semáforo,Motocicleta
24,87727,2020-12-16,16:30:00,Urbana,Avenida,AV MAIPU,3500,ACONCAGUA,-2.749.819,-5.881.520,1,1,0,2,0,,2,Asfalto,Apto,Seca,Día,NO,Despejado,Buena,Sin Semáforo,Bicicleta
25,75099,2020-12-16,12:47:00,Urbana,Avenida,AV MEDRANO,4400,LORETO,-2.750.608,-5.879.795,2,0,0,2,0,,2,Asfalto,Apto,Seca,Día,NO,Despejado,Buena,Sin Semáforo,Automóvil
26,75099,2020-12-16,12:47:00,Urbana,Avenida,AV MEDRANO,4400,LORETO,-2.750.608,-5.879.795,2,0,0,2,0,,2,Asfalto,Apto,Seca,Día,NO,Despejado,Buena,Sin Semáforo,Automóvil
27,88553,2020-12-15,08:30:00,Urbana,Calle,GOBERNADOR CONTE,1600,,-2.752.532,-5.879.192,0,1,0,1,0,,1,Asfalto,Apto,Seca,Día,NO,Despejado,Buena,Sin Semáforo,Motocicleta
28,86070,2020-12-15,08:19:00,Urbana,Ruta Provincial,5,1000,,-2.748.451,-5.877.959,1,1,0,2,0,,2,Hormigón,Apto,Seca,Día,NO,Despejado,Buena,Sin Semáforo,Automóvil
29,86070,2020-12-15,08:19:00,Urbana,Ruta Provincial,5,1000,,-2.748.451,-5.877.959,1,1,0,2,0,,2,Hormigón,Apto,Seca,Día,NO,Despejado,Buena,Sin Semáforo,Motocicleta
30,74029,2020-12-14,13:05:00,Urbana,Avenida,AV LIBERTAD,5900,,-2.746.247,-5.877.334,1,1,0,2,0,,2,Asfalto,Apto,Seca,Día,NO,Despejado,Buena,Sin Semáforo,Motocicleta
31,74029,2020-12-14,13:05:00,Urbana,Avenida,AV LIBERTAD,5900,,-2.746.247,-5.877.334,1,1,0,2,0,,2,Asfalto,Apto,Seca,Día,NO,Despejado,Buena,Sin Semáforo,Camioneta/Utilitario
32,68926,2020-12-13,06:45:00,Urbana,Avenida,AV ARMENIA,5.000,J.R FERNANDEZ,-2.746.651,-5.878.977,1,1,0,2,0,Angulo,2,Hormigón,Apto,"Despejada, Seca",Día,NO,Despejado,Buena,Funciona,Automóvil
33,68926,2020-12-13,06:45:00,Urbana,Avenida,AV ARMENIA,5.000,J.R FERNANDEZ,-2.746.651,-5.878.977,1,1,0,2,0,Angulo,2,Hormigón,Apto,"Despejada, Seca",Día,NO,Despejado,Buena,Funciona,Motocicleta
34,79465,2020-12-12,12:00:00,Urbana,Avenida,AV.C.CORRENTINO,4415,MEDRANO,-2.748.759,-5.879.919,2,0,0,2,0,Alcance,2,Asfalto,Apto,Seca,Día,NO,Despejado,Buena,Funciona,Automóvil
35,79465,2020-12-12,12:00:00,Urbana,Avenida,AV.C.CORRENTINO,4415,MEDRANO,-2.748.759,-5.879.919,2,0,0,2,0,Alcance,2,Asfalto,Apto,Seca,Día,NO,Despejado,Buena,Funciona,Automóvil
36,77087,2020-12-11,17:30:00,Urbana,Avenida,AV MAIPU,2900,MANTILLA,-2.749.617,-5.881.668,0,2,0,2,0,,2,Asfalto,Apto,Seca,Día,NO,Despejado,Buena,Sin Semáforo,Motocicleta
37,77087,2020-12-11,17:30:00,Urbana,Avenida,AV MAIPU,2900,MANTILLA,-2.749.617,-5.881.668,0,2,0,2,0,,2,Asfalto,Apto,Seca,Día,NO,Despejado,Buena,Sin Semáforo,Motocicleta
38,75806,2020-12-11,04:20:00,Urbana,Calle,LAVALLE,200,PAGO LARGO,-2.747.538,-5.884.968,0,1,0,1,0,,1,Asfalto,Apto,Seca,Amanecer,SI,Despejado,Buena,Sin Semáforo,Automóvil
39,86424,2020-12-11,23:20:00,Urbana,Ruta Nacional,12,"1032,5",,-2.751.859,-5.876.778,0,1,0,1,0,,1,Asfalto,Apto,Seca,Noche,SI,Despejado,Buena,Sin Semáforo,Motocicleta
40,81407,2020-12-11,23:30:00,Rural,Avenida,AV INDEPENDENCIA,5000,THAMES,-2.748.374,-5.879.116,0,1,0,1,0,,1,Asfalto,Apto,Seca,Noche,SI,Despejado,Buena,Sin Semáforo,Motocicleta
41,86423,2020-12-10,12:28:00,Urbana,Avenida,AV CHCABUCO,1700,INDEPENDENCIA,-2.747.843,-5.881.465,1,1,0,2,0,Angulo,2,Asfalto,Apto,Seca,Día,NO,Despejado,Buena,Funciona,Camioneta/Utilitario
42,86423,2020-12-10,12:28:00,Urbana,Avenida,AV CHCABUCO,1700,INDEPENDENCIA,-2.747.843,-5.881.465,1,1,0,2,0,Angulo,2,Asfalto,Apto,Seca,Día,NO,Despejado,Buena,Funciona,Motocicleta
43,74188,2020-12-09,15:45:00,Urbana,Calle,COSQUIN,1900,CRESPO,-2.749.411,-5.882.921,1,1,0,2,0,Angulo,2,Hormigón,Apto,Seca,Día,NO,Despejado,Buena,Sin Semáforo,Automóvil
44,74188,2020-12-09,15:45:00,Urbana,Calle,COSQUIN,1900,CRESPO,-2.749.411,-5.882.921,1,1,0,2,0,Angulo,2,Hormigón,Apto,Seca,Día,NO,Despejado,Buena,Sin Semáforo,Motocicleta
45,77237,2020-12-08,18:00:00,Urbana,Avenida,AV FERRE,1800,JUJUY,-2.747.666,-5.882.878,1,1,0,2,0,,2,Asfalto,Apto,Seca,Día,NO,Despejado,Buena,Funciona,Automóvil
46,77237,2020-12-08,18:00:00,Urbana,Avenida,AV FERRE,1800,JUJUY,-2.747.666,-5.882.878,1,1,0,2,0,,2,Asfalto,Apto,Seca,Día,NO,Despejado,Buena,Funciona,Motocicleta
47,85406,2020-12-07,15:20:00,Urbana,Avenida,AV MAIPU,800,MADARIAGA,-2.748.508,-5.882.422,0,1,0,1,0,,1,Asfalto,Apto,Seca,Día,NO,Despejado,Buena,Sin Semáforo,Motocicleta
48,85542,2020-12-06,10:34:00,Urbana,Avenida,AV CHACABUCO,1047,,-2.747.187,-5.881.279,1,0,0,1,0,,1,Asfalto,Apto,Seca,Día,NO,Despejado,Buena,Sin Semáforo,Motocicleta
49,75163,2020-12-05,16:00:00,Urbana,Calle,SAN FRANCISCO DE ASIS,5400,PERITO MORENO,-2.749.551,-5.878.780,1,1,0,1,1,,2,Asfalto,Apto,Seca,Día,NO,Despejado,Buena,Sin Semáforo,Transporte de carga
50,75163,2020-12-05,16:00:00,Urbana,Calle,SAN FRANCISCO DE ASIS,5400,PERITO MORENO,-2.749.551,-5.878.780,1,1,0,1,1,,2,Asfalto,Apto,Seca,Día,NO,Despejado,Buena,Sin Semáforo,Peatón
51,74535,2020-12-05,16:30:00,Urbana,Avenida,AV MAIPU,1350,GOYA,-2.749.000,-5.882.054,1,1,0,1,1,,2,Asfalto,Apto,Seca,Día,NO,Despejado,Buena,Sin Semáforo,Motocicleta
52,74535,2020-12-05,16:30:00,Urbana,Avenida,AV MAIPU,1350,GOYA,-2.749.000,-5.882.054,1,1,0,1,1,,2,Asfalto,Apto,Seca,Día,NO,Despejado,Buena,Sin Semáforo,Peatón
53,84287,2020-12-04,18:54:00,Urbana,Calle,M.MORENO,1000,LA RIOJA,-2.747.307,-5.883.865,2,0,0,2,0,,2,Asfalto,Apto,Seca,Día,SI,Despejado,Buena,Sin Semáforo,Automóvil
54,84287,2020-12-04,18:54:00,Urbana,Calle,M.MORENO,1000,LA RIOJA,-2.747.307,-5.883.865,2,0,0,2,0,,2,Asfalto,Apto,Seca,Día,SI,Despejado,Buena,Sin Semáforo,Automóvil
55,85004,2020-12-03,13:25:00,Urbana,Calle,SALTA,1300,,,,3,0,0,2,0,,2,Asfalto,Apto,Seca,Día,NO,Nublado,Buena,Sin Semáforo,Automóvil
56,85004,2020-12-03,13:25:00,Urbana,Calle,SALTA,1300,,,,3,0,0,2,0,,2,Asfalto,Apto,Seca,Día,NO,Nublado,Buena,Sin Semáforo,Automóvil
57,79361,2020-12-01,08:30:00,Urbana,Calle,BELGRANO,2411,ITUZAINGO,-2.747.374,-5.882.020,2,0,0,2,0,,2,,Apto,"Despejada, Seca",Noche,SI,Despejado,Buena,Sin Semáforo,Automóvil
58,79361,2020-12-01,08:30:00,Urbana,Calle,BELGRANO,2411,ITUZAINGO,-2.747.374,-5.882.020,2,0,0,2,0,,2,,Apto,"Despejada, Seca",Noche,SI,Despejado,Buena,Sin Semáforo,Camioneta/Utilitario
59,88572,2020-12-01,12:00:00,Urbana,Avenida,AV ARMENIA,4600,FRENTE E. TIPOITI,-2.746.761,-5.879.399,2,1,0,2,0,,2,Hormigón,Apto,Seca,Día,NO,Despejado,Buena,Sin Semáforo,Automóvil
60,88572,2020-12-01,12:00:00,Urbana,Avenida,AV ARMENIA,4600,FRENTE E. TIPOITI,-2.746.761,-5.879.399,2,1,0,2,0,,2,Hormigón,Apto,Seca,Día,NO,Despejado,Buena,Sin Semáforo,Motocicleta
61,88070,2020-11-29,06:50:00,Urbana,Avenida,AV P. FERRE,2000,URUGUAY,-2.747.687,-5.882.628,1,1,0,1,1,,2,Asfalto,Apto,Seca,Amanecer,NO,Despejado,Buena,Sin Semáforo,Motocicleta
62,88070,2020-11-29,06:50:00,Urbana,Avenida,AV P. FERRE,2000,URUGUAY,-2.747.687,-5.882.628,1,1,0,1,1,,2,Asfalto,Apto,Seca,Amanecer,NO,Despejado,Buena,Sin Semáforo,Peatón
63,85193,2020-11-29,13:30:00,Urbana,Calle,ROCA,1100,,-2.747.113,-5.882.309,1,1,0,2,0,,2,Asfalto,Apto,Seca,Día,NO,Despejado,Buena,Sin Semáforo,Motocicleta
64,85193,2020-11-29,13:30:00,Urbana,Calle,ROCA,1100,,-2.747.113,-5.882.309,1,1,0,2,0,,2,Asfalto,Apto,Seca,Día,NO,Despejado,Buena,Sin Semáforo,Automóvil
65,74185,2020-11-27,13:30:00,Urbana,Calle,ESPAÑA,800,9 DE julio,-2.746.705,-5.882.910,2,0,0,2,0,,2,Asfalto,Apto,Seca,Día,NO,Despejado,Buena,Sin Semáforo,Automóvil
66,74185,2020-11-27,13:30:00,Urbana,Calle,ESPAÑA,800,9 DE julio,-2.746.705,-5.882.910,2,0,0,2,0,,2,Asfalto,Apto,Seca,Día,NO,Despejado,Buena,Sin Semáforo,Motocicleta
67,80492,2020-11-24,12:35:00,Urbana,Calle,GUASTAVINO,2300,PERUGORRIA,-2.748.335,-5.884.420,1,1,0,2,0,Alcance,2,Asfalto,Apto,Seca,Día,NO,Despejado,Buena,Sin Semáforo,Motocicleta
68,80492,2020-11-24,12:35:00,Urbana,Calle,GUASTAVINO,2300,PERUGORRIA,-2.748.335,-5.884.420,1,1,0,2,0,Alcance,2,Asfalto,Apto,Seca,Día,NO,Despejado,Buena,Sin Semáforo,Automóvil
69,87718,2020-11-22,13:30:00,Urbana,Avenida,AV R.R. ALFONSIN,3400,FRENTE CASINO,-2.747.231,-5.880.830,4,0,0,2,0,,2,Hormigón,Apto,Seca,Día,NO,Despejado,Buena,Funciona,Automóvil
70,87718,2020-11-22,13:30:00,Urbana,Avenida,AV R.R. ALFONSIN,3400,FRENTE CASINO,-2.747.231,-5.880.830,4,0,0,2,0,,2,Hormigón,Apto,Seca,Día,NO,Despejado,Buena,Funciona,Automóvil
71,81278,2020-11-21,14:20:00,Urbana,Calle,SAN JUAN,1200,BELGRANO,-2.747.204,-5.883.721,2,0,0,2,0,,2,Asfalto,Apto,Seca,Día,NO,Despejado,Buena,Sin Semáforo,Automóvil
72,81278,2020-11-21,14:20:00,Urbana,Calle,SAN JUAN,1200,BELGRANO,-2.747.204,-5.883.721,2,0,0,2,0,,2,Asfalto,Apto,Seca,Día,NO,Despejado,Buena,Sin Semáforo,Automóvil
73,84279,2020-11-20,14:05:00,Urbana,Calle,PAGO LARGO,2100,LA MADRID,-2.748.009,-5.885.032,3,1,0,2,0,Angulo,2,Hormigón,Apto,Seca,Día,NO,Despejado,Buena,Sin Semáforo,Motocicleta
74,84279,2020-11-20,14:05:00,Urbana,Calle,PAGO LARGO,2100,LA MADRID,-2.748.009,-5.885.032,3,1,0,2,0,Angulo,2,Hormigón,Apto,Seca,Día,NO,Despejado,Buena,Sin Semáforo,Motocicleta
75,90003,2020-11-19,08:15:00,Urbana,Avenida,AV C.CORRRENTINO,4300,RIO JURAMENTO,-2.748.739,-5.880.027,1,1,0,2,0,,2,Asfalto,Apto,Seca,Día,NO,Despejado,Buena,Sin Semáforo,Automóvil
76,90003,2020-11-19,08:15:00,Urbana,Avenida,AV C.CORRRENTINO,4300,RIO JURAMENTO,-2.748.739,-5.880.027,1,1,0,2,0,,2,Asfalto,Apto,Seca,Día,NO,Despejado,Buena,Sin Semáforo,Motocicleta
77,84580,2020-11-17,16:30:00,Urbana,Calle,BAIBIENE,400,VELEZSARSFIELD,-2.746.323,-5.881.926,2,0,0,2,0,Angulo,2,Asfalto,Apto,Seca,Día,NO,Despejado,Buena,Sin Semáforo,Automóvil
78,84580,2020-11-17,16:30:00,Urbana,Calle,BAIBIENE,400,VELEZSARSFIELD,-2.746.323,-5.881.926,2,0,0,2,0,Angulo,2,Asfalto,Apto,Seca,Día,NO,Despejado,Buena,Sin Semáforo,Transporte de pasajeros
79,87213,2020-11-16,14:20:00,Urbana,Avenida,AV MAIPU,2100,AV AGUSTIN PAYES,-2.749.430,-5.881.790,1,1,0,2,0,Angulo,2,Asfalto,Apto,Seca,Día,NO,Despejado,Buena,Sin Semáforo,Automóvil
80,87213,2020-11-16,14:20:00,Urbana,Avenida,AV MAIPU,2100,AV AGUSTIN PAYES,-2.749.430,-5.881.790,1,1,0,2,0,Angulo,2,Asfalto,Apto,Seca,Día,NO,Despejado,Buena,Sin Semáforo,Motocicleta
81,75818,2020-11-16,08:27:00,Urbana,Calle,SAN MARTIN,1700,ESPAÑA,-2.747.051,-5.882.945,1,1,0,2,0,,2,Asfalto,Apto,"Despejada, Seca",Día,NO,Despejado,Buena,Sin Semáforo,Automóvil
82,75818,2020-11-16,08:27:00,Urbana,Calle,SAN MARTIN,1700,ESPAÑA,-2.747.051,-5.882.945,1,1,0,2,0,,2,Asfalto,Apto,"Despejada, Seca",Día,NO,Despejado,Buena,Sin Semáforo,Motocicleta
83,84086,2020-11-16,16:30:00,Urbana,Avenida,AV R.R. ALFONSIN,4980,GORRITI,-2.747.658,-5.878.930,2,0,0,2,0,Angulo,2,Hormigón,Apto,Seca,Día,NO,Despejado,Buena,,Automóvil
84,84086,2020-11-16,16:30:00,Urbana,Avenida,AV R.R. ALFONSIN,4980,GORRITI,-2.747.658,-5.878.930,2,0,0,2,0,Angulo,2,Hormigón,Apto,Seca,Día,NO,Despejado,Buena,,Motocicleta
85,84949,2020-11-12,16:15:00,Urbana,Avenida,AV MAIPU,3840,,,,1,1,0,1,1,,2,Asfalto,Apto,Seca,Día,SI,Despejado,Buena,Sin Semáforo,Motocicleta
86,84949,2020-11-12,16:15:00,Urbana,Avenida,AV MAIPU,3840,,,,1,1,0,1,1,,2,Asfalto,Apto,Seca,Día,SI,Despejado,Buena,Sin Semáforo,Peatón
87,85184,2020-11-12,11:25:00,Urbana,Avenida,AV ARMENIA,3120,ZACARIAS SANCHES,-2.746.714,-5.880.856,1,1,0,2,0,,2,Asfalto,Apto,Seca,Día,NO,Nublado,Buena,Funciona,Motocicleta
88,85184,2020-11-12,11:25:00,Urbana,Avenida,AV ARMENIA,3120,ZACARIAS SANCHES,-2.746.714,-5.880.856,1,1,0,2,0,,2,Asfalto,Apto,Seca,Día,NO,Nublado,Buena,Funciona,Transporte de pasajeros
89,86137,2020-11-12,15:30:00,Urbana,Avenida,AV 3 DE ABRIL,1700,ENTRE RIOS,-2.747.449,-5.884.480,1,1,0,2,0,,2,Hormigón,Apto,Seca,,NO,Despejado,Buena,Funciona,Automóvil
90,86137,2020-11-12,15:30:00,Urbana,Avenida,AV 3 DE ABRIL,1700,ENTRE RIOS,-2.747.449,-5.884.480,1,1,0,2,0,,2,Hormigón,Apto,Seca,,NO,Despejado,Buena,Funciona,Transporte de carga
91,68938,2020-11-11,10:25:00,Urbana,Calle,SAN LORENZO,1498,RIVADAVIA,-2.747.473,-5.883.252,2,0,0,2,0,Angulo,2,Asfalto,Apto,"Despejada, Seca",Día,NO,Despejado,Buena,Sin Semáforo,Automóvil
92,68938,2020-11-11,10:25:00,Urbana,Calle,SAN LORENZO,1498,RIVADAVIA,-2.747.473,-5.883.252,2,0,0,2,0,Angulo,2,Asfalto,Apto,"Despejada, Seca",Día,NO,Despejado,Buena,Sin Semáforo,Motocicleta
93,76114,2020-11-11,12:54:00,Urbana,Avenida,AV.C.CORRENTINO,5500,MILAN,-2.749.011,-5.878.484,1,1,0,2,0,,2,Asfalto,Apto,,Día,NO,Despejado,Buena,Funciona,Automóvil
94,76114,2020-11-11,12:54:00,Urbana,Avenida,AV.C.CORRENTINO,5500,MILAN,-2.749.011,-5.878.484,1,1,0,2,0,,2,Asfalto,Apto,,Día,NO,Despejado,Buena,Funciona,Motocicleta
95,77444,2020-11-10,06:35:00,Urbana,Calle,PELLEGRINI,1700,ESPAÑA,-2.746.602,-5.882.898,1,1,0,2,0,Alcance,2,Asfalto,Apto,Seca,Amanecer,NO,Despejado,,Sin Semáforo,Automóvil
96,77444,2020-11-10,06:35:00,Urbana,Calle,PELLEGRINI,1700,ESPAÑA,-2.746.602,-5.882.898,1,1,0,2,0,Alcance,2,Asfalto,Apto,Seca,Amanecer,NO,Despejado,,Sin Semáforo,Motocicleta
97,79530,2020-11-10,17:35:00,Urbana,Avenida,MEDRANO,3000,PALERMO,-2.749.513,-5.880.000,2,1,0,2,0,Angulo,2,Hormigón,Apto,"Despejada, Seca",Día,SI,Nublado,Buena,Sin Semáforo,Automóvil
98,79530,2020-11-10,17:35:00,Urbana,Avenida,MEDRANO,3000,PALERMO,-2.749.513,-5.880.000,2,1,0,2,0,Angulo,2,Hormigón,Apto,"Despejada, Seca",Día,SI,Nublado,Buena,Sin Semáforo,Motocicleta
99,85433,2020-11-10,09:20:00,Urbana,Calle,SAN MARTIN,1900,PARAGUAY,-2.747.075,-5.882.685,2,0,0,2,0,,2,Asfalto,Apto,Seca,Día,NO,Despejado,Buena,Sin Semáforo,Automóvil
100,85433,2020-11-10,09:20:00,Urbana,Calle,SAN MARTIN,1900,PARAGUAY,-2.747.075,-5.882.685,2,0,0,2,0,,2,Asfalto,Apto,Seca,Día,NO,Despejado,Buena,Sin Semáforo,Automóvil
101,84592,2020-11-10,18:20:00,Urbana,Avenida,AV MAIPU,6000,EX VIA,-2.753.212,-5.877.162,2,0,0,2,0,,2,Asfalto,Apto,Seca,Día,NO,Despejado,Buena,Sin Semáforo,Automóvil
102,84592,2020-11-10,18:20:00,Urbana,Avenida,AV MAIPU,6000,EX VIA,-2.753.212,-5.877.162,2,0,0,2,0,,2,Asfalto,Apto,Seca,Día,NO,Despejado,Buena,Sin Semáforo,Transporte de carga
103,85832,2020-11-09,15:30:00,Urbana,Avenida,AV ARMENIA,4400,,-2.746.832,-5.879.648,4,0,0,4,0,,4,Asfalto,Apto,Seca,Día,NO,Despejado,Buena,Sin Semáforo,Automóvil
104,85832,2020-11-09,15:30:00,Urbana,Avenida,AV ARMENIA,4400,,-2.746.832,-5.879.648,4,0,0,4,0,,4,Asfalto,Apto,Seca,Día,NO,Despejado,Buena,Sin Semáforo,Automóvil
105,85832,2020-11-09,15:30:00,Urbana,Avenida,AV ARMENIA,4400,,-2.746.832,-5.879.648,4,0,0,4,0,,4,Asfalto,Apto,Seca,Día,NO,Despejado,Buena,Sin Semáforo,Automóvil