,id_feu,siniestro_fecha,siniestro_hora,zona_ocurrencia,via_publica,nombre_via,altura_km,entre_calle_1,latitud,longitud,ilesos,heridos,fallecidos,vehiculos,peatones,tipo_colision,cantidad_de_involucrados,material_de_la_calzada,estado_de_la_calzada,estado_fisico_ambiental,luminosidad,luz_artificial,estado_ambiental,visibilidad,semaforo,tipo_involucrado
106,85832,2020-11-09,15:30:00,Urbana,Avenida,AV ARMENIA,4400,,-2.746.832,-5.879.648,4,0,0,4,0,,4,Asfalto,Apto,Seca,Día,NO,Despejado,Buena,Sin Semáforo,Transporte de pasajeros
107,80326,2020-11-07,23:45:00,Urbana,Calle,COSQUIN,1800,BONASTRE,-2.749.396,-5.883.010,1,0,0,2,0,,2,Hormigón,Apto,Seca,Noche,SI,Despejado,Buena,Sin Semáforo,Automóvil
108,80326,2020-11-07,23:45:00,Urbana,Calle,COSQUIN,1800,BONASTRE,-2.749.396,-5.883.010,1,0,0,2,0,,2,Hormigón,Apto,Seca,Noche,SI,Despejado,Buena,Sin Semáforo,Motocicleta
109,75811,2020-11-07,02:40:00,Urbana,Avenida,AV C.CORRENTINO,3300,JUAN JOSE PASO,-2.748.722,-5.881.208,0,1,0,1,0,,1,Asfalto,Apto,Seca,,SI,Despejado,Buena,Sin Semáforo,Motocicleta
110,87719,2020-11-06,13:30:00,Urbana,Avenida,AV. R. R. ALFONSIN,3400,FRENTE AL CASINO,-2.747.230,-5.880.831,1,1,0,2,0,,2,Hormigón,Apto,Seca,Día,NO,Despejado,Buena,Funciona,Automóvil
111,87719,2020-11-06,13:30:00,Urbana,Avenida,AV. R. R. ALFONSIN,3400,FRENTE AL CASINO,-2.747.230,-5.880.831,1,1,0,2,0,,2,Hormigón,Apto,Seca,Día,NO,Despejado,Buena,Funciona,Motocicleta
112,88571,2020-11-06,18:00:00,Urbana,Calle,AV LA PRIDA,200,GIMENEZ,-2.746.680,-5.878.719,1,1,0,2,0,Angulo,2,Asfalto,Apto,Seca,Día,NO,,Buena,Sin Semáforo,Automóvil
113,88571,2020-11-06,18:00:00,Urbana,Calle,AV LA PRIDA,200,GIMENEZ,-2.746.680,-5.878.719,1,1,0,2,0,Angulo,2,Asfalto,Apto,Seca,Día,NO,,Buena,Sin Semáforo,Motocicleta
114,76319,2020-11-06,18:45:00,Urbana,Calle,I. YRIGOYEN,1845,JUJUY,-2.746.951,-5.882.757,2,1,0,2,0,,2,Asfalto,Apto,Seca,Noche,SI,,Buena,Sin Semáforo,Automóvil
115,76319,2020-11-06,18:45:00,Urbana,Calle,I. YRIGOYEN,1845,JUJUY,-2.746.951,-5.882.757,2,1,0,2,0,,2,Asfalto,Apto,Seca,Noche,SI,,Buena,Sin Semáforo,Motocicleta
116,79531,2020-11-06,23:50:00,Urbana,Avenida,AV GOBERNADOR RUIZ,2435,,-2.746.679,-5.881.883,1,0,0,1,0,,1,Asfalto,Apto,Seca,Noche,SI,Nublado,Buena,Sin Semáforo,Motocicleta
117,86579,2020-11-06,01:00:00,Urbana,Avenida,AV GENERAL SAN MARTIN,1200,EDISON,-2.747.043,-5.885.406,2,0,0,2,0,Angulo,2,Asfalto,Apto,"Despejada, Seca",Noche,SI,Despejado,Buena,Sin Semáforo,Automóvil
118,86579,2020-11-06,01:00:00,Urbana,Avenida,AV GENERAL SAN MARTIN,1200,EDISON,-2.747.043,-5.885.406,2,0,0,2,0,Angulo,2,Asfalto,Apto,"Despejada, Seca",Noche,SI,Despejado,Buena,Sin Semáforo,Camioneta/Utilitario
119,72298,2020-11-06,08:00:00,Urbana,Calle,ITUZAINGO,23OO,MORENO,-2.746.449,-5.873.514,2,0,0,2,0,Angulo,2,Hormigón,Apto,Seca,Día,NO,Despejado,Buena,Sin Semáforo,Automóvil
120,72298,2020-11-06,08:00:00,Urbana,Calle,ITUZAINGO,23OO,MORENO,-2.746.449,-5.873.514,2,0,0,2,0,Angulo,2,Hormigón,Apto,Seca,Día,NO,Despejado,Buena,Sin Semáforo,Motocicleta
121,84566,2020-11-06,17:05:00,Urbana,Avenida,AV LIBERTAD,5400,,-2.746.508,-5.878.399,2,0,0,2,0,,2,Asfalto,Apto,Seca,Día,SI,Nublado,Buena,Sin Semáforo,Automóvil
122,84566,2020-11-06,17:05:00,Urbana,Avenida,AV LIBERTAD,5400,,-2.746.508,-5.878.399,2,0,0,2,0,,2,Asfalto,Apto,Seca,Día,SI,Nublado,Buena,Sin Semáforo,Motocicleta
123,74014,2020-11-05,21:30:00,Urbana,Calle,ESPAÑA,700,PELLEGRINI,-2.746.602,-5.882.898,1,1,0,2,0,,2,Asfalto,Apto,Seca,Noche,NO,Despejado,Buena,Sin Semáforo,Automóvil
124,74014,2020-11-05,21:30:00,Urbana,Calle,ESPAÑA,700,PELLEGRINI,-2.746.602,-5.882.898,1,1,0,2,0,,2,Asfalto,Apto,Seca,Noche,NO,Despejado,Buena,Sin Semáforo,Motocicleta
125,85435,2020-11-05,18:30:00,Urbana,Calle,SAN JUAN,1000,BELGRANO,-2.747.204,-5.883.721,2,0,0,2,0,,2,Asfalto,Apto,Seca,Atardecer,NO,Despejado,Buena,Sin Semáforo,Automóvil
126,85435,2020-11-05,18:30:00,Urbana,Calle,SAN JUAN,1000,BELGRANO,-2.747.204,-5.883.721,2,0,0,2,0,,2,Asfalto,Apto,Seca,Atardecer,NO,Despejado,Buena,Sin Semáforo,Automóvil
127,85548,2020-11-05,11:45:00,Urbana,Calle,LAS PIEDRAS,1700,LAVALLE,-2.748.272,-5.880.081,1,1,0,2,0,Angulo,2,Hormigón,,"Despejada, Seca",Día,NO,Despejado,Buena,Sin Semáforo,Motocicleta
128,85548,2020-11-05,11:45:00,Urbana,Calle,LAS PIEDRAS,1700,LAVALLE,-2.748.272,-5.880.081,1,1,0,2,0,Angulo,2,Hormigón,,"Despejada, Seca",Día,NO,Despejado,Buena,Sin Semáforo,Automóvil
129,76210,2020-11-04,10:00:00,Urbana,Calle,TURIN,3400,NICARAGUA,-2.750.276,-5.878.562,0,1,0,1,0,,1,Hormigón,Apto,Seca,Día,NO,Despejado,Buena,Sin Semáforo,Motocicleta
130,76228,2020-11-02,17:15:00,Urbana,Calle,BRASIL,2200,RIVADAVIA,-2.747.553,-5.882.487,1,1,0,2,0,,2,Hormigón,Apto,"Despejada, Seca",Día,NO,Despejado,Buena,Sin Semáforo,Automóvil
131,76228,2020-11-02,17:15:00,Urbana,Calle,BRASIL,2200,RIVADAVIA,-2.747.553,-5.882.487,1,1,0,2,0,,2,Hormigón,Apto,"Despejada, Seca",Día,NO,Despejado,Buena,Sin Semáforo,Motocicleta
132,84079,2020-11-02,00:05:00,Urbana,Calle,AV PEDRO FERRE,2200,ROCA,-2.747.730,-5.882.368,2,0,0,2,0,,2,Asfalto,Apto,Seca,Noche,SI,Despejado,Buena,Funciona,Otro
133,84079,2020-11-02,00:05:00,Urbana,Calle,AV PEDRO FERRE,2200,ROCA,-2.747.730,-5.882.368,2,0,0,2,0,,2,Asfalto,Apto,Seca,Noche,SI,Despejado,Buena,Funciona,Automóvil
134,84415,2020-11-02,09:00:00,Urbana,Avenida,AV MAIPU,2800,LOS MATACOS,-2.750.375,-5.881.218,1,3,0,3,0,Angulo,3,Asfalto,Apto,Seca,Día,NO,Despejado,Buena,Sin Semáforo,Automóvil
135,84415,2020-11-02,09:00:00,Urbana,Avenida,AV MAIPU,2800,LOS MATACOS,-2.750.375,-5.881.218,1,3,0,3,0,Angulo,3,Asfalto,Apto,Seca,Día,NO,Despejado,Buena,Sin Semáforo,Motocicleta
136,84415,2020-11-02,09:00:00,Urbana,Avenida,AV MAIPU,2800,LOS MATACOS,-2.750.375,-5.881.218,1,3,0,3,0,Angulo,3,Asfalto,Apto,Seca,Día,NO,Despejado,Buena,Sin Semáforo,Motocicleta
137,85539,2020-11-02,08:54:00,Urbana,Avenida,AV INDEPENDENCIA,3600,GUEMEZ,-2.747.930,-5.880.754,2,0,0,2,0,,2,Hormigón,Apto,Seca,Día,NO,Despejado,Buena,Sin Semáforo,Transporte de carga
138,85539,2020-11-02,08:54:00,Urbana,Avenida,AV INDEPENDENCIA,3600,GUEMEZ,-2.747.930,-5.880.754,2,0,0,2,0,,2,Hormigón,Apto,Seca,Día,NO,Despejado,Buena,Sin Semáforo,Transporte de carga
139,71294,2020-10-30,20:05:00,Urbana,Avenida,RUTA 5 KM 2,Km 2,,-2.748.794,-5.876.381,3,0,0,2,0,Angulo,2,,Apto,Seca,,SI,Despejado,Buena,,Motocicleta
140,71294,2020-10-30,20:05:00,Urbana,Avenida,RUTA 5 KM 2,Km 2,,-2.748.794,-5.876.381,3,0,0,2,0,Angulo,2,,Apto,Seca,,SI,Despejado,Buena,,Motocicleta
141,86573,2020-10-30,09:49:00,Urbana,Calle,JUNIN,700,BUENOS AIRES,-2.746.727,-5.884.052,1,1,0,2,0,,2,Asfalto,Apto,Seca,Día,NO,Despejado,Buena,Sin Semáforo,Automóvil
142,86573,2020-10-30,09:49:00,Urbana,Calle,JUNIN,700,BUENOS AIRES,-2.746.727,-5.884.052,1,1,0,2,0,,2,Asfalto,Apto,Seca,Día,NO,Despejado,Buena,Sin Semáforo,Motocicleta
143,72171,2020-10-30,08:00:00,Urbana,Ruta Provincial,RUTA 12,Km 1036,KM1036,-2.744.667,-5.874.853,2,0,0,2,0,Angulo,2,Asfalto,Apto,Despejada,Día,NO,Despejado,,Sin Semáforo,Automóvil
144,72171,2020-10-30,08:00:00,Urbana,Ruta Provincial,RUTA 12,Km 1036,KM1036,-2.744.667,-5.874.853,2,0,0,2,0,Angulo,2,Asfalto,Apto,Despejada,Día,NO,Despejado,,Sin Semáforo,Transporte de carga
145,76791,2020-10-29,10:45:00,Urbana,Avenida,AV MAIPU,950,AV C. CORRENTINOS,-2.748.645,-5.882.308,1,1,0,2,0,Alcance,2,Asfalto,Apto,Seca,Día,SI,Despejado,Buena,Funciona,Automóvil
146,76791,2020-10-29,10:45:00,Urbana,Avenida,AV MAIPU,950,AV C. CORRENTINOS,-2.748.645,-5.882.308,1,1,0,2,0,Alcance,2,Asfalto,Apto,Seca,Día,SI,Despejado,Buena,Funciona,Motocicleta
147,84766,2020-10-29,09:12:00,Urbana,Calle,MEDRANO,1800,NECOCHEA,-2.748.375,-5.879.874,1,1,0,2,0,Angulo,2,Asfalto,Apto,Seca,Día,NO,Despejado,Buena,Sin Semáforo,Motocicleta
148,84766,2020-10-29,09:12:00,Urbana,Calle,MEDRANO,1800,NECOCHEA,-2.748.375,-5.879.874,1,1,0,2,0,Angulo,2,Asfalto,Apto,Seca,Día,NO,Despejado,Buena,Sin Semáforo,Camioneta/Utilitario
149,90015,2020-10-28,10:00:00,Urbana,Avenida,AV ARMENIA,4800,ONTIVERO,-2.746.692,-5.879.079,2,0,0,2,0,,2,Asfalto,Apto,Seca,Día,NO,Despejado,Buena,Sin Semáforo,Motocicleta
150,90015,2020-10-28,10:00:00,Urbana,Avenida,AV ARMENIA,4800,ONTIVERO,-2.746.692,-5.879.079,2,0,0,2,0,,2,Asfalto,Apto,Seca,Día,NO,Despejado,Buena,Sin Semáforo,Automóvil
151,86054,2020-10-28,09:05:00,Urbana,Avenida,AV ARMENIA,3800,22 DE mayo,-2.746.866,-5.880.256,2,0,0,2,0,,2,Asfalto,,,Día,,,,Sin Semáforo,Automóvil
152,86054,2020-10-28,09:05:00,Urbana,Avenida,AV ARMENIA,3800,22 DE mayo,-2.746.866,-5.880.256,2,0,0,2,0,,2,Asfalto,,,Día,,,,Sin Semáforo,Motocicleta
153,71573,2020-10-27,03:42:00,Rural,Avenida,Av. Armenia,2934,ESTADOS UNIDOS,-2.746.883,-5.880.166,2,0,0,2,0,Rozamiento,2,Asfalto,Apto,Seca,Noche,SI,Despejado,Buena,Funciona,Motocicleta
154,71573,2020-10-27,03:42:00,Rural,Avenida,Av. Armenia,2934,ESTADOS UNIDOS,-2.746.883,-5.880.166,2,0,0,2,0,Rozamiento,2,Asfalto,Apto,Seca,Noche,SI,Despejado,Buena,Funciona,Automóvil
155,77085,2020-10-27,08:34:00,Urbana,Avenida,AV GRAL PAZ,2200,GDOR CONTTE,-2.747.970,-5.882.390,2,0,0,2,0,,2,Asfalto,Apto,Seca,Día,NO,Despejado,Buena,Sin Semáforo,Automóvil
156,77085,2020-10-27,08:34:00,Urbana,Avenida,AV GRAL PAZ,2200,GDOR CONTTE,-2.747.970,-5.882.390,2,0,0,2,0,,2,Asfalto,Apto,Seca,Día,NO,Despejado,Buena,Sin Semáforo,Automóvil
157,74751,2020-10-27,12:40:00,Urbana,Avenida,AV FERRE,2100,BRASIL,-2.747.714,-5.882.507,2,0,0,2,0,Alcance,2,Hormigón,Apto,Seca,Día,NO,Despejado,Buena,,Automóvil
158,74751,2020-10-27,12:40:00,Urbana,Avenida,AV FERRE,2100,BRASIL,-2.747.714,-5.882.507,2,0,0,2,0,Alcance,2,Hormigón,Apto,Seca,Día,NO,Despejado,Buena,,Automóvil
159,74189,2020-10-27,23:35:00,Urbana,Ruta Nacional,12,1021,FRENTE AL AEROPUERTO,-2.745.192,-5.875.535,1,0,1,2,0,,2,Asfalto,Apto,Seca,Día,SI,Despejado,Buena,Sin Semáforo,Automóvil
160,74189,2020-10-27,23:35:00,Urbana,Ruta Nacional,12,1021,FRENTE AL AEROPUERTO,-2.745.192,-5.875.535,1,0,1,2,0,,2,Asfalto,Apto,Seca,Día,SI,Despejado,Buena,Sin Semáforo,Motocicleta
161,71454,2020-10-27,23:15:00,Urbana,Avenida,Av C. Correntinos,4300,Rio Juramento,-2.748.747,-5.880.027,1,1,0,2,0,Angulo,2,Hormigón,Apto,Seca,Noche,NO,Despejado,Buena,Sin Semáforo,Automóvil
162,71454,2020-10-27,23:15:00,Urbana,Avenida,Av C. Correntinos,4300,Rio Juramento,-2.748.747,-5.880.027,1,1,0,2,0,Angulo,2,Hormigón,Apto,Seca,Noche,NO,Despejado,Buena,Sin Semáforo,Motocicleta
163,88554,2020-10-26,16:50:00,Urbana,Ruta Provincial,RUTA PROVINCIAL 5,1,,-2.748.608,-5.876.990,2,0,1,2,0,Lateral,2,Asfalto,Apto,Seca,Día,NO,Despejado,Buena,Sin Semáforo,Transporte de carga
164,88554,2020-10-26,16:50:00,Urbana,Ruta Provincial,RUTA PROVINCIAL 5,1,,-2.748.608,-5.876.990,2,0,1,2,0,Lateral,2,Asfalto,Apto,Seca,Día,NO,Despejado,Buena,Sin Semáforo,Motocicleta
165,91660,2020-10-26,16:50:00,Urbana,Avenida,AV 3 DE ABRIL,1000,LA RIOJA (BANDA CENTRAL SUR ),-2.747.556,-5.883.906,1,1,0,2,0,Angulo,2,Asfalto,Apto,Seca,Día,NO,Despejado,Buena,Funciona,Automóvil
166,91660,2020-10-26,16:50:00,Urbana,Avenida,AV 3 DE ABRIL,1000,LA RIOJA (BANDA CENTRAL SUR ),-2.747.556,-5.883.906,1,1,0,2,0,Angulo,2,Asfalto,Apto,Seca,Día,NO,Despejado,Buena,Funciona,Automóvil
167,87364,2020-10-25,07:45:00,Urbana,Ruta Nacional,12,5KM,,-2.751.733,-5.876.819,0,2,0,2,0,Angulo,2,Asfalto,Apto,Seca,Día,SI,Despejado,,Sin Semáforo,Motocicleta
168,87364,2020-10-25,07:45:00,Urbana,Ruta Nacional,12,5KM,,-2.751.733,-5.876.819,0,2,0,2,0,Angulo,2,Asfalto,Apto,Seca,Día,SI,Despejado,,Sin Semáforo,Motocicleta
169,79451,2020-10-24,09:50:00,Urbana,Calle,NUESTRA SEÑORA DE ASUNCION,2200,EX VIA,-2.749.066,-5.881.855,1,1,0,2,0,Angulo,2,Asfalto,Apto,Seca,Día,NO,"Despejado, Viento",Buena,Sin Semáforo,Transporte de carga
170,79451,2020-10-24,09:50:00,Urbana,Calle,NUESTRA SEÑORA DE ASUNCION,2200,EX VIA,-2.749.066,-5.881.855,1,1,0,2,0,Angulo,2,Asfalto,Apto,Seca,Día,NO,"Despejado, Viento",Buena,Sin Semáforo,Motocicleta
171,85194,2020-10-23,08:08:00,Urbana,Avenida,AV J.R.VIDAL,1600,,-2.747.869,-5.881.471,1,1,0,2,0,,2,Asfalto,Apto,Seca,Día,NO,Despejado,Buena,Sin Semáforo,Motocicleta
172,85194,2020-10-23,08:08:00,Urbana,Avenida,AV J.R.VIDAL,1600,,-2.747.869,-5.881.471,1,1,0,2,0,,2,Asfalto,Apto,Seca,Día,NO,Despejado,Buena,Sin Semáforo,Automóvil
173,76286,2020-10-22,07:00:00,Urbana,Avenida,AV PUJOL,2400,VELEZ SARSFIELD,-2.746.847,-5.882.013,0,1,0,1,0,,1,Asfalto,Apto,Seca,Día,NO,,Buena,Sin Semáforo,Motocicleta
174,68921,2020-10-22,17:34:00,Urbana,Calle,AV.CARTAJENA,3700,TACUARI,-2.746.906,-5.883.372,2,0,0,2,0,Alcance,2,Hormigón,Apto,"Despejada, Seca",Día,NO,Despejado,Buena,Sin Semáforo,Automóvil
175,68921,2020-10-22,17:34:00,Urbana,Calle,AV.CARTAJENA,3700,TACUARI,-2.746.906,-5.883.372,2,0,0,2,0,Alcance,2,Hormigón,Apto,"Despejada, Seca",Día,NO,Despejado,Buena,Sin Semáforo,Automóvil
176,72457,2020-10-21,17:20:00,Urbana,Calle,SAN MARTIN,1200,MENDOZA,-2.746.990,-5.883.584,1,1,0,2,0,Angulo,2,Asfalto,Apto,Seca,Día,NO,Nublado,Buena,Sin Semáforo,Automóvil
177,72457,2020-10-21,17:20:00,Urbana,Calle,SAN MARTIN,1200,MENDOZA,-2.746.990,-5.883.584,1,1,0,2,0,Angulo,2,Asfalto,Apto,Seca,Día,NO,Nublado,Buena,Sin Semáforo,Motocicleta
178,81281,2020-10-20,18:00:00,Urbana,Calle,TENIENTE CUNDON,1500,GOBERNADOR VELAZCO,-2.748.640,-5.883.425,4,0,0,2,0,,2,Hormigón,Apto,Seca,Día,NO,Despejado,Buena,Sin Semáforo,Camioneta/Utilitario
179,81281,2020-10-20,18:00:00,Urbana,Calle,TENIENTE CUNDON,1500,GOBERNADOR VELAZCO,-2.748.640,-5.883.425,4,0,0,2,0,,2,Hormigón,Apto,Seca,Día,NO,Despejado,Buena,Sin Semáforo,Automóvil
180,74181,2020-10-20,12:10:00,Urbana,Calle,PARAGUAY,1200,BOLIVAR,-2.747.189,-5.882.698,2,0,0,2,0,,2,Hormigón,Apto,Seca,Día,NO,Despejado,Buena,Sin Semáforo,Motocicleta
181,74181,2020-10-20,12:10:00,Urbana,Calle,PARAGUAY,1200,BOLIVAR,-2.747.189,-5.882.698,2,0,0,2,0,,2,Hormigón,Apto,Seca,Día,NO,Despejado,Buena,Sin Semáforo,Automóvil
182,74020,2020-10-20,23:35:00,Urbana,Calle,PLACIDO MARTINEZ,400,SA JUAN,-2.746.197,-5.883.633,2,0,0,2,0,,2,Asfalto,Apto,Seca,Noche,NO,Despejado,Buena,Sin Semáforo,Automóvil
183,74020,2020-10-20,23:35:00,Urbana,Calle,PLACIDO MARTINEZ,400,SA JUAN,-2.746.197,-5.883.633,2,0,0,2,0,,2,Asfalto,Apto,Seca,Noche,NO,Despejado,Buena,Sin Semáforo,Motocicleta
184,72422,2020-10-18,10:05:00,Urbana,Avenida,AV.FERRE,1500,CHACABUCO,-2.747.850,-5.881.458,2,0,0,2,0,Angulo,2,Asfalto,Apto,Despejada,Día,NO,Despejado,Buena,Funciona,Automóvil
185,72422,2020-10-18,10:05:00,Urbana,Avenida,AV.FERRE,1500,CHACABUCO,-2.747.850,-5.881.458,2,0,0,2,0,Angulo,2,Asfalto,Apto,Despejada,Día,NO,Despejado,Buena,Funciona,Automóvil
186,79284,2020-10-17,17:40:00,Urbana,Avenida,AV LAPRIDA,800,LA FERRERE,-2.747.077,-5.878.768,2,1,0,2,0,,2,Hormigón,Apto,,Atardecer,NO,Despejado,Buena,Sin Semáforo,Transporte de carga
187,79284,2020-10-17,17:40:00,Urbana,Avenida,AV LAPRIDA,800,LA FERRERE,-2.747.077,-5.878.768,2,1,0,2,0,,2,Hormigón,Apto,,Atardecer,NO,Despejado,Buena,Sin Semáforo,Motocicleta
188,91662,2020-10-16,09:40:00,Urbana,Avenida,AV FERRE,2700,CHILE,,,1,1,0,2,0,Angulo,2,Asfalto,Apto,Seca,Día,NO,Despejado,Buena,Sin Semáforo,Automóvil
189,91662,2020-10-16,09:40:00,Urbana,Avenida,AV FERRE,2700,CHILE,,,1,1,0,2,0,Angulo,2,Asfalto,Apto,Seca,Día,NO,Despejado,Buena,Sin Semáforo,Motocicleta
190,84257,2020-10-16,23:30:00,Urbana,Avenida,AV MAIPU,6000,RUTA 12,-2.752.620,-5.876.480,0,1,0,1,0,,1,Asfalto,Apto,Seca,Noche,NO,Despejado,Buena,Sin Semáforo,Motocicleta
191,84408,2020-10-15,14:40:00,Urbana,Calle,SAMUEL MORSE,910,,-2.747.116,-5.879.612,0,1,0,1,0,,1,Hormigón,Apto,Seca,Día,SI,Despejado,Buena,Sin Semáforo,Motocicleta
192,72269,2020-10-15,11:00:00,Urbana,Avenida,Av. Independencia,4200,GASCON,-2.748.239,-5.879.677,2,0,0,2,0,Alcance,2,Hormigón,Apto,Seca,Día,NO,Despejado,Buena,Funciona,Transporte de carga
193,72269,2020-10-15,11:00:00,Urbana,Avenida,Av. Independencia,4200,GASCON,-2.748.239,-5.879.677,2,0,0,2,0,Alcance,2,Hormigón,Apto,Seca,Día,NO,Despejado,Buena,Funciona,Transporte de carga
194,84412,2020-10-15,14:15:00,Urbana,Calle,SAN LORENZO,1400,RIVADAVIA,-2.747.477,-5.883.255,2,0,0,2,0,Angulo,2,Asfalto,Apto,Seca,Día,NO,Despejado,Buena,Sin Semáforo,Transporte de carga
195,84412,2020-10-15,14:15:00,Urbana,Calle,SAN LORENZO,1400,RIVADAVIA,-2.747.477,-5.883.255,2,0,0,2,0,Angulo,2,Asfalto,Apto,Seca,Día,NO,Despejado,Buena,Sin Semáforo,Automóvil
196,84589,2020-10-14,22:15:00,Urbana,Avenida,AV CHACABUCO,2200,MADARIAGA,-2.748.528,-5.881.595,1,2,0,2,0,,2,Hormigón,Apto,Despejada,Noche,SI,Despejado,,Sin Semáforo,Automóvil
197,84589,2020-10-14,22:15:00,Urbana,Avenida,AV CHACABUCO,2200,MADARIAGA,-2.748.528,-5.881.595,1,2,0,2,0,,2,Hormigón,Apto,Despejada,Noche,SI,Despejado,,Sin Semáforo,Motocicleta
198,85774,2020-10-13,11:55:00,Urbana,Avenida,AV INDEPENDENCIA,4020,,-2.748.004,-5.880.327,2,0,0,2,0,,2,Asfalto,Apto,Seca,Día,NO,Despejado,,Sin Semáforo,Automóvil
199,85774,2020-10-13,11:55:00,Urbana,Avenida,AV INDEPENDENCIA,4020,,-2.748.004,-5.880.327,2,0,0,2,0,,2,Asfalto,Apto,Seca,Día,NO,Despejado,,Sin Semáforo,Automóvil
200,85000,2020-10-11,17:00:00,Urbana,Avenida,AV 3 DE ABRIL,1100,CATAMARCA,,,1,1,0,2,0,Angulo,2,Hormigón,Apto,Seca,Día,NO,Despejado,Buena,Funciona,Automóvil
201,85000,2020-10-11,17:00:00,Urbana,Avenida,AV 3 DE ABRIL,1100,CATAMARCA,,,1,1,0,2,0,Angulo,2,Hormigón,Apto,Seca,Día,NO,Despejado,Buena,Funciona,Motocicleta
202,76028,2020-10-11,07:00:00,Urbana,Avenida,AV. PAYSANDU,3800,RAFAELA,-2.749.751,-5.882.537,0,1,0,1,0,,1,Asfalto,Apto,Seca,Amanecer,SI,Despejado,Buena,Sin Semáforo,Motocicleta
203,88053,2020-10-10,12:50:00,Urbana,Calle,CATAMARCA,1200,BOLIVAR,-2.747.122,-5.883.344,1,1,0,2,0,,2,Asfalto,Apto,Seca,Día,NO,Despejado,Buena,Sin Semáforo,Automóvil
204,88053,2020-10-10,12:50:00,Urbana,Calle,CATAMARCA,1200,BOLIVAR,-2.747.122,-5.883.344,1,1,0,2,0,,2,Asfalto,Apto,Seca,Día,NO,Despejado,Buena,Sin Semáforo,Motocicleta
205,79470,2020-10-10,12:57:00,Urbana,Avenida,AV MAIPU,2300,,-2.749.700,-5.881.609,3,0,0,2,0,Angulo,2,,Apto,Seca,Día,NO,Despejado,Buena,Sin Semáforo,Automóvil
206,79470,2020-10-10,12:57:00,Urbana,Avenida,AV MAIPU,2300,,-2.749.700,-5.881.609,3,0,0,2,0,Angulo,2,,Apto,Seca,Día,NO,Despejado,Buena,Sin Semáforo,Transporte de carga
207,75476,2020-10-10,06:15:00,Urbana,Avenida,AV ARMENIA,3050,AMADO BOMPLAN,-2.746.721,-5.880.982,1,1,0,2,0,,2,Asfalto,Apto,Mojada,Amanecer,SI,Lluvia,Buena,Sin Semáforo,Bicicleta
208,75476,2020-10-10,06:15:00,Urbana,Avenida,AV ARMENIA,3050,AMADO BOMPLAN,-2.746.721,-5.880.982,1,1,0,2,0,,2,Asfalto,Apto,Mojada,Amanecer,SI,Lluvia,Buena,Sin Semáforo,Motocicleta