,id_feu,siniestro_fecha,siniestro_hora,zona_ocurrencia,via_publica,nombre_via,altura_km,entre_calle_1,latitud,longitud,ilesos,heridos,fallecidos,vehiculos,peatones,tipo_colision,cantidad_de_involucrados,material_de_la_calzada,estado_de_la_calzada,estado_fisico_ambiental,luminosidad,luz_artificial,estado_ambiental,visibilidad,semaforo,tipo_involucrado
417,87518,2020-08-01,12:00:00,Urbana,Avenida,AV 3 DE ABRIL,1000,LA RIOJA,-2.747.539,-5.883.896,1,1,0,2,0,Angulo,2,Asfalto,Apto,Seca,Día,NO,Despejado,Buena,Funciona,Motocicleta
418,79701,2020-08-01,10:50:00,Urbana,Avenida,AV INDEPENDENCIA,3700,TACUARI,-2.747.952,-5.880.636,0,1,0,1,0,,1,Hormigón,Apto,Seca,Día,NO,,Buena,Funciona,Motocicleta
419,87717,2020-08-01,19:20:00,Urbana,Avenida,AV PAYSANDU,3500,FRAY MARTI Y PORTO,-2.750.640,-5.882.634,1,1,0,2,0,,2,Asfalto,Apto,Seca,Atardecer,SI,Despejado,Buena,Funciona,Transporte de pasajeros
420,87717,2020-08-01,19:20:00,Urbana,Avenida,AV PAYSANDU,3500,FRAY MARTI Y PORTO,-2.750.640,-5.882.634,1,1,0,2,0,,2,Asfalto,Apto,Seca,Atardecer,SI,Despejado,Buena,Funciona,Tracción a sangre
421,81040,2020-08-01,18:45:00,Urbana,Calle,RIO LIMAY,1435,MAGALLANES,-2.749.322,-5.883.571,2,0,0,2,0,Angulo,2,Hormigón,Apto,Seca,Día,NO,Despejado,Buena,Sin Semáforo,Motocicleta
422,81040,2020-08-01,18:45:00,Urbana,Calle,RIO LIMAY,1435,MAGALLANES,-2.749.322,-5.883.571,2,0,0,2,0,Angulo,2,Hormigón,Apto,Seca,Día,NO,Despejado,Buena,Sin Semáforo,Motocicleta
423,74222,2020-08-01,11:46:00,Urbana,Avenida,AV 3 DE ABRIL,1100,SAN JUAN,-2.747.555,-5.883.762,2,1,0,2,0,Alcance,2,Asfalto,Apto,Seca,Día,NO,Despejado,Buena,Funciona,Automóvil
424,74222,2020-08-01,11:46:00,Urbana,Avenida,AV 3 DE ABRIL,1100,SAN JUAN,-2.747.555,-5.883.762,2,1,0,2,0,Alcance,2,Asfalto,Apto,Seca,Día,NO,Despejado,Buena,Funciona,Motocicleta
425,84423,2020-07-31,11:39:00,Urbana,Avenida,AV CHACABUCO,1200,ESTADO DE ISRAEL,-2.747.330,-5.881.335,2,0,0,2,0,,2,Hormigón,Apto,Seca,Día,NO,Despejado,Buena,Sin Semáforo,Automóvil
426,84423,2020-07-31,11:39:00,Urbana,Avenida,AV CHACABUCO,1200,ESTADO DE ISRAEL,-2.747.330,-5.881.335,2,0,0,2,0,,2,Hormigón,Apto,Seca,Día,NO,Despejado,Buena,Sin Semáforo,Motocicleta
427,84407,2020-07-31,19:50:00,Urbana,Avenida,AV MAIPU,1800,LYON,-2.749.480,-5.881.756,0,2,0,1,1,,2,Asfalto,Apto,Seca,Noche,SI,Despejado,Buena,Sin Semáforo,Motocicleta
428,84407,2020-07-31,19:50:00,Urbana,Avenida,AV MAIPU,1800,LYON,-2.749.480,-5.881.756,0,2,0,1,1,,2,Asfalto,Apto,Seca,Noche,SI,Despejado,Buena,Sin Semáforo,Peatón
429,91669,2020-07-30,11:25:00,Urbana,Avenida,AV 3 DE ABRIL,800,BUENOS AIRES,-2.747.498,-5.884.117,1,1,0,2,0,Angulo,2,Asfalto,Apto,Seca,Día,NO,Despejado,Buena,Funciona,Automóvil
430,91669,2020-07-30,11:25:00,Urbana,Avenida,AV 3 DE ABRIL,800,BUENOS AIRES,-2.747.498,-5.884.117,1,1,0,2,0,Angulo,2,Asfalto,Apto,Seca,Día,NO,Despejado,Buena,Funciona,Automóvil
431,79532,2020-07-30,07:10:00,Urbana,Calle,ESPAÑA,1600,RIVADAVIA,-2.747.498,-5.883.003,2,1,0,2,0,,2,Asfalto,Apto,"Despejada, Seca",Día,NO,Nublado,Buena,Sin Semáforo,Automóvil
432,79532,2020-07-30,07:10:00,Urbana,Calle,ESPAÑA,1600,RIVADAVIA,-2.747.498,-5.883.003,2,1,0,2,0,,2,Asfalto,Apto,"Despejada, Seca",Día,NO,Nublado,Buena,Sin Semáforo,Motocicleta
433,84411,2020-07-28,07:42:00,Urbana,Avenida,AV MAIPU,3000,LOS CONDORES,-2.749.991,-5.881.401,1,1,0,2,0,,2,Asfalto,Apto,Seca,Día,NO,Despejado,Buena,Sin Semáforo,Motocicleta
434,84411,2020-07-28,07:42:00,Urbana,Avenida,AV MAIPU,3000,LOS CONDORES,-2.749.991,-5.881.401,1,1,0,2,0,,2,Asfalto,Apto,Seca,Día,NO,Despejado,Buena,Sin Semáforo,Automóvil
435,75815,2020-07-28,00:11:00,Urbana,Ruta Nacional,12,1 1/2,INGRESO Bº PIRAYUI,-2.750.538,-5.877.347,0,2,0,1,0,,1,Asfalto,Apto,Seca,Noche,SI,Despejado,Buena,Sin Semáforo,Motocicleta
436,87516,2020-07-27,13:45:00,Urbana,Avenida,AV R.R.ALFONSIN,5100,SANCHEZ DE BUSTAMANTE,-2.747.675,-5.878.789,1,1,0,2,0,,2,Hormigón,Apto,Seca,Día,NO,Despejado,Buena,Sin Semáforo,Automóvil
437,87516,2020-07-27,13:45:00,Urbana,Avenida,AV R.R.ALFONSIN,5100,SANCHEZ DE BUSTAMANTE,-2.747.675,-5.878.789,1,1,0,2,0,,2,Hormigón,Apto,Seca,Día,NO,Despejado,Buena,Sin Semáforo,Motocicleta
438,79696,2020-07-26,10:47:00,Urbana,Calle,LA RIOJA,1000,SAN MARTIN,-2.746.966,-5.883.828,2,0,0,2,0,Angulo,2,Asfalto,Apto,Seca,Día,NO,Despejado,Buena,Sin Semáforo,Transporte de pasajeros
439,79696,2020-07-26,10:47:00,Urbana,Calle,LA RIOJA,1000,SAN MARTIN,-2.746.966,-5.883.828,2,0,0,2,0,Angulo,2,Asfalto,Apto,Seca,Día,NO,Despejado,Buena,Sin Semáforo,Automóvil
440,90016,2020-07-26,12:20:00,Urbana,Calle,PLACIDO MARTINEZ,1400,,-2.746.241,-5.883.243,1,1,0,2,0,,2,Asfalto,,Seca,Día,,,,Sin Semáforo,Automóvil
441,90016,2020-07-26,12:20:00,Urbana,Calle,PLACIDO MARTINEZ,1400,,-2.746.241,-5.883.243,1,1,0,2,0,,2,Asfalto,,Seca,Día,,,,Sin Semáforo,Bicicleta
442,84409,2020-07-25,10:00:00,Urbana,Calle,SUIZA,4300,REPUBLICA DOMINICANA,-2.747.612,-5.881.069,1,1,0,2,0,,2,Asfalto,Apto,Seca,Día,NO,Despejado,Buena,Sin Semáforo,Motocicleta
443,84409,2020-07-25,10:00:00,Urbana,Calle,SUIZA,4300,REPUBLICA DOMINICANA,-2.747.612,-5.881.069,1,1,0,2,0,,2,Asfalto,Apto,Seca,Día,NO,Despejado,Buena,Sin Semáforo,Automóvil
444,88630,2020-07-25,12:55:00,Urbana,Calle,TUCUMAN,800,BELGRANO,-2.747.160,-5.884.196,5,0,0,4,0,,4,Asfalto,Apto,Seca,Día,NO,,Buena,Sin Semáforo,Automóvil
445,88630,2020-07-25,12:55:00,Urbana,Calle,TUCUMAN,800,BELGRANO,-2.747.160,-5.884.196,5,0,0,4,0,,4,Asfalto,Apto,Seca,Día,NO,,Buena,Sin Semáforo,Automóvil
446,88630,2020-07-25,12:55:00,Urbana,Calle,TUCUMAN,800,BELGRANO,-2.747.160,-5.884.196,5,0,0,4,0,,4,Asfalto,Apto,Seca,Día,NO,,Buena,Sin Semáforo,Automóvil
447,88630,2020-07-25,12:55:00,Urbana,Calle,TUCUMAN,800,BELGRANO,-2.747.160,-5.884.196,5,0,0,4,0,,4,Asfalto,Apto,Seca,Día,NO,,Buena,Sin Semáforo,Camioneta/Utilitario
448,75455,2020-07-25,13:40:00,Urbana,Calle,PAGO LARGO,200,,-2.746.670,-5.884.799,2,0,0,2,0,,2,Asfalto,Apto,Seca,Día,NO,Nublado,Buena,Sin Semáforo,Automóvil
449,75455,2020-07-25,13:40:00,Urbana,Calle,PAGO LARGO,200,,-2.746.670,-5.884.799,2,0,0,2,0,,2,Asfalto,Apto,Seca,Día,NO,Nublado,Buena,Sin Semáforo,Automóvil
450,84558,2020-07-25,13:11:00,Urbana,Avenida,AV MAIPU,3900,GUAIQUIRARO,-2.751.379,-5.880.720,2,0,0,2,0,,2,Asfalto,Apto,Seca,Día,NO,Despejado,Buena,Sin Semáforo,Motocicleta
451,84558,2020-07-25,13:11:00,Urbana,Avenida,AV MAIPU,3900,GUAIQUIRARO,-2.751.379,-5.880.720,2,0,0,2,0,,2,Asfalto,Apto,Seca,Día,NO,Despejado,Buena,Sin Semáforo,Motocicleta
452,75474,2020-07-25,12:18:00,Urbana,Avenida,AV MAIPU,100,,-2.747.754,-5.883.022,3,1,0,2,0,,2,Asfalto,Apto,Seca,Día,NO,Despejado,Buena,Funciona,Automóvil
453,75474,2020-07-25,12:18:00,Urbana,Avenida,AV MAIPU,100,,-2.747.754,-5.883.022,3,1,0,2,0,,2,Asfalto,Apto,Seca,Día,NO,Despejado,Buena,Funciona,Automóvil
454,70155,2020-07-25,03:47:00,Urbana,Avenida,LAPRIDA,5.200,LIBERTAD,-2.746.787,-5.878.732,0,1,0,1,0,Columna,1,Hormigón,Apto,Mojada,Noche,SI,,Lluvia,Sin Semáforo,Automóvil
455,88569,2020-07-24,23:15:00,Urbana,Calle,SANTA FE,1600,H IRIGOYEN,-2.746.925,-5.883.060,0,1,0,1,0,,1,Asfalto,Apto,Seca,Noche,NO,Despejado,Buena,Funciona,Automóvil
456,71307,2020-07-23,13:00:00,Urbana,Avenida,Av. Maipú,2151,Reconquista,-2.749.706,-5.881.600,2,0,0,2,0,Alcance,2,,Apto,Seca,Día,NO,Despejado,Buena,Funciona,Automóvil
457,71307,2020-07-23,13:00:00,Urbana,Avenida,Av. Maipú,2151,Reconquista,-2.749.706,-5.881.600,2,0,0,2,0,Alcance,2,,Apto,Seca,Día,NO,Despejado,Buena,Funciona,Transporte de pasajeros
458,72391,2020-07-23,15:40:00,Urbana,Avenida,AV. ARMENIA,3930,22 DE mayo,-2.746.920,-5.880.035,5,0,0,2,0,Alcance,2,Asfalto,Apto,Seca,Día,NO,Despejado,Buena,Sin Semáforo,Camioneta/Utilitario
459,72391,2020-07-23,15:40:00,Urbana,Avenida,AV. ARMENIA,3930,22 DE mayo,-2.746.920,-5.880.035,5,0,0,2,0,Alcance,2,Asfalto,Apto,Seca,Día,NO,Despejado,Buena,Sin Semáforo,Camioneta/Utilitario
460,76041,2020-07-22,08:00:00,Urbana,Ruta Nacional,12,2 1/2,,-2.751.739,-5.876.832,2,0,0,2,0,,2,Asfalto,Apto,Seca,Día,NO,Despejado,Buena,Sin Semáforo,Automóvil
461,76041,2020-07-22,08:00:00,Urbana,Ruta Nacional,12,2 1/2,,-2.751.739,-5.876.832,2,0,0,2,0,,2,Asfalto,Apto,Seca,Día,NO,Despejado,Buena,Sin Semáforo,Automóvil
462,84281,2020-07-22,19:50:00,Urbana,Ruta Provincial,5,KM2,,-2.748.534,-5.877.403,1,1,0,2,0,,2,Asfalto,Apto,Seca,Noche,SI,Despejado,Buena,Sin Semáforo,Motocicleta
463,84281,2020-07-22,19:50:00,Urbana,Ruta Provincial,5,KM2,,-2.748.534,-5.877.403,1,1,0,2,0,,2,Asfalto,Apto,Seca,Noche,SI,Despejado,Buena,Sin Semáforo,Automóvil
464,85762,2020-07-22,08:20:00,Urbana,Avenida,AV R.R. ALFONSIN,5100,MEDRANO,,,0,3,0,3,0,"Lateral, Multiple",3,Asfalto,Apto,Seca,Día,NO,Despejado,,Funciona,Automóvil
465,85762,2020-07-22,08:20:00,Urbana,Avenida,AV R.R. ALFONSIN,5100,MEDRANO,,,0,3,0,3,0,"Lateral, Multiple",3,Asfalto,Apto,Seca,Día,NO,Despejado,,Funciona,Motocicleta
466,85762,2020-07-22,08:20:00,Urbana,Avenida,AV R.R. ALFONSIN,5100,MEDRANO,,,0,3,0,3,0,"Lateral, Multiple",3,Asfalto,Apto,Seca,Día,NO,Despejado,,Funciona,Camioneta/Utilitario
467,86078,2020-07-22,10:43:00,Urbana,Calle,SANTA FE,800,,-2.746.695,-5.883.035,2,0,0,2,0,Alcance,2,Asfalto,Apto,Seca,Día,NO,Despejado,Buena,Funciona,Camioneta/Utilitario
468,86078,2020-07-22,10:43:00,Urbana,Calle,SANTA FE,800,,-2.746.695,-5.883.035,2,0,0,2,0,Alcance,2,Asfalto,Apto,Seca,Día,NO,Despejado,Buena,Funciona,Automóvil
469,72266,2020-07-21,11:15:00,Urbana,Calle,RIOJA,1100,SAN MARTIN,-2.746.967,-5.883.829,1,1,0,2,0,Angulo,2,Asfalto,Apto,Seca,Día,NO,Despejado,Buena,Sin Semáforo,Bicicleta
470,72266,2020-07-21,11:15:00,Urbana,Calle,RIOJA,1100,SAN MARTIN,-2.746.967,-5.883.829,1,1,0,2,0,Angulo,2,Asfalto,Apto,Seca,Día,NO,Despejado,Buena,Sin Semáforo,Camioneta/Utilitario
471,75819,2020-07-21,06:15:00,Urbana,Calle,SAN LUIS,1000,H YRIGOYEN,-2.746.813,-5.884.304,1,1,0,2,0,Angulo,2,Hormigón,Apto,Seca,Amanecer,NO,Despejado,Buena,Sin Semáforo,Motocicleta
472,75819,2020-07-21,06:15:00,Urbana,Calle,SAN LUIS,1000,H YRIGOYEN,-2.746.813,-5.884.304,1,1,0,2,0,Angulo,2,Hormigón,Apto,Seca,Amanecer,NO,Despejado,Buena,Sin Semáforo,Automóvil
473,85306,2020-07-21,08:00:00,Urbana,Calle,RESOAGLI,2500,LARREA,-2.748.982,-5.880.533,2,0,0,2,0,Angulo,2,Asfalto,Apto,Seca,Día,NO,Despejado,Buena,Sin Semáforo,Motocicleta
474,85306,2020-07-21,08:00:00,Urbana,Calle,RESOAGLI,2500,LARREA,-2.748.982,-5.880.533,2,0,0,2,0,Angulo,2,Asfalto,Apto,Seca,Día,NO,Despejado,Buena,Sin Semáforo,Motocicleta
475,76229,2020-07-20,00:20:00,Urbana,Calle,CENTENO,1400,RIO  LIMAY,-2.749.704,-5.883.637,2,0,0,2,0,,2,Asfalto,Apto,"Despejada, Seca",Noche,SI,Despejado,Buena,Sin Semáforo,Transporte de carga
476,76229,2020-07-20,00:20:00,Urbana,Calle,CENTENO,1400,RIO  LIMAY,-2.749.704,-5.883.637,2,0,0,2,0,,2,Asfalto,Apto,"Despejada, Seca",Noche,SI,Despejado,Buena,Sin Semáforo,Automóvil
477,76541,2020-07-20,13:00:00,Urbana,Avenida,AV INDEPENDENCIA,3400,"J,J, CASTELLI",-2.747.904,-5.880.979,2,0,0,2,0,,2,Asfalto,Apto,"Despejada, Seca",Día,NO,Despejado,Buena,Funciona,Otro
478,76541,2020-07-20,13:00:00,Urbana,Avenida,AV INDEPENDENCIA,3400,"J,J, CASTELLI",-2.747.904,-5.880.979,2,0,0,2,0,,2,Asfalto,Apto,"Despejada, Seca",Día,NO,Despejado,Buena,Funciona,Motocicleta
479,76292,2020-07-20,14:10:00,Urbana,Calle,LAS PIEDRAS,1800,GENERAL PAZ,-2.748.309,-5.880.067,1,1,0,2,0,,2,Hormigón,Apto,Seca,Día,NO,Despejado,Buena,Sin Semáforo,Automóvil
480,76292,2020-07-20,14:10:00,Urbana,Calle,LAS PIEDRAS,1800,GENERAL PAZ,-2.748.309,-5.880.067,1,1,0,2,0,,2,Hormigón,Apto,Seca,Día,NO,Despejado,Buena,Sin Semáforo,Motocicleta
481,79697,2020-07-20,19:23:00,Urbana,Calle,SANTA CATALINA,4000,,-2.751.103,-5.882.200,1,1,0,2,0,Alcance,2,Asfalto,Apto,Seca,Noche,SI,Despejado,Buena,Sin Semáforo,Motocicleta
482,79697,2020-07-20,19:23:00,Urbana,Calle,SANTA CATALINA,4000,,-2.751.103,-5.882.200,1,1,0,2,0,Alcance,2,Asfalto,Apto,Seca,Noche,SI,Despejado,Buena,Sin Semáforo,Motocicleta
483,79709,2020-07-16,18:10:00,Urbana,Ruta Provincial,RUTA PROVINCIAL 5,1,,-2.748.614,-5.876.972,1,1,0,2,0,,2,Hormigón,Apto,Seca,Atardecer,NO,Despejado,Buena,Sin Semáforo,Automóvil
484,79709,2020-07-16,18:10:00,Urbana,Ruta Provincial,RUTA PROVINCIAL 5,1,,-2.748.614,-5.876.972,1,1,0,2,0,,2,Hormigón,Apto,Seca,Atardecer,NO,Despejado,Buena,Sin Semáforo,Motocicleta
485,76321,2020-07-16,14:40:00,Urbana,Calle,SUIZA,2700,COLOMBIA,-2.747.510,-5.881.773,1,1,0,2,0,Alcance,2,Hormigón,Apto,"Despejada, Seca",Día,NO,Despejado,Buena,Sin Semáforo,Motocicleta
486,76321,2020-07-16,14:40:00,Urbana,Calle,SUIZA,2700,COLOMBIA,-2.747.510,-5.881.773,1,1,0,2,0,Alcance,2,Hormigón,Apto,"Despejada, Seca",Día,NO,Despejado,Buena,Sin Semáforo,Automóvil
487,84284,2020-07-12,20:05:00,Urbana,Avenida,AV EL MAESTRO,2100,RAFAELA,-2.749.719,-5.882.717,2,0,0,2,0,,2,Asfalto,Apto,Seca,Noche,SI,Despejado,,Sin Semáforo,Motocicleta
488,84284,2020-07-12,20:05:00,Urbana,Avenida,AV EL MAESTRO,2100,RAFAELA,-2.749.719,-5.882.717,2,0,0,2,0,,2,Asfalto,Apto,Seca,Noche,SI,Despejado,,Sin Semáforo,Motocicleta
489,76785,2020-07-12,12:11:00,Urbana,Calle,NUESTRA SEÑORA DE LA ASUNCION,2653,,-2.749.121,-5.881.981,1,1,0,2,0,,2,,Apto,Seca,,NO,Despejado,Buena,Sin Semáforo,Automóvil
490,76785,2020-07-12,12:11:00,Urbana,Calle,NUESTRA SEÑORA DE LA ASUNCION,2653,,-2.749.121,-5.881.981,1,1,0,2,0,,2,,Apto,Seca,,NO,Despejado,Buena,Sin Semáforo,Motocicleta
491,90004,2020-07-12,07:25:00,Urbana,Avenida,AV.C.CORRENTINOS,3400,NIÑO JESUS,-2.748.706,-5.880.298,2,0,0,2,0,,2,Asfalto,Apto,Seca,Día,NO,Despejado,Buena,Sin Semáforo,Automóvil
492,90004,2020-07-12,07:25:00,Urbana,Avenida,AV.C.CORRENTINOS,3400,NIÑO JESUS,-2.748.706,-5.880.298,2,0,0,2,0,,2,Asfalto,Apto,Seca,Día,NO,Despejado,Buena,Sin Semáforo,Motocicleta
493,76136,2020-07-08,08:20:00,Urbana,Avenida,AV C. CORRENTINO,4400,MEDRANO,-2.748.762,-5.879.940,1,1,0,2,0,,2,Asfalto,Apto,Seca,Día,NO,Despejado,Buena,Funciona,Motocicleta
494,76136,2020-07-08,08:20:00,Urbana,Avenida,AV C. CORRENTINO,4400,MEDRANO,-2.748.762,-5.879.940,1,1,0,2,0,,2,Asfalto,Apto,Seca,Día,NO,Despejado,Buena,Funciona,Motocicleta
495,85007,2020-07-06,00:10:00,Urbana,Avenida,AV MAIPU,300,,,,0,1,0,1,0,,1,Asfalto,Apto,Seca,Noche,SI,Nublado,Buena,Sin Semáforo,Motocicleta
496,84591,2020-07-06,08:05:00,Urbana,Calle,SANTA FE,995,,-2.746.918,-5.883.058,2,0,0,2,0,Alcance,2,Asfalto,Apto,Seca,Día,NO,Despejado,Buena,Funciona,Automóvil
497,84591,2020-07-06,08:05:00,Urbana,Calle,SANTA FE,995,,-2.746.918,-5.883.058,2,0,0,2,0,Alcance,2,Asfalto,Apto,Seca,Día,NO,Despejado,Buena,Funciona,Transporte de pasajeros
498,76034,2020-07-06,11:40:00,Urbana,Avenida,AV MAIPU,1687,,-2.749.383,-5.881.808,1,1,0,1,1,,2,Asfalto,Apto,Seca,Día,NO,Despejado,Buena,Funciona,Transporte de carga
499,76034,2020-07-06,11:40:00,Urbana,Avenida,AV MAIPU,1687,,-2.749.383,-5.881.808,1,1,0,1,1,,2,Asfalto,Apto,Seca,Día,NO,Despejado,Buena,Funciona,Peatón
500,79831,2020-07-03,08:50:00,Urbana,Avenida,AV INDEPENDENCIA,3400,CASTELLI,-2.747.922,-5.880.983,2,0,0,2,0,,2,Hormigón,Apto,"Despejada, Seca",Día,NO,Despejado,Buena,Funciona,Automóvil
501,79831,2020-07-03,08:50:00,Urbana,Avenida,AV INDEPENDENCIA,3400,CASTELLI,-2.747.922,-5.880.983,2,0,0,2,0,,2,Hormigón,Apto,"Despejada, Seca",Día,NO,Despejado,Buena,Funciona,Motocicleta
502,85763,2020-07-03,18:40:00,Urbana,Calle,9 DE julio,1200,ESPAÑA,,,1,1,0,2,0,,2,Asfalto,Apto,Seca,Día,NO,Despejado,Buena,Sin Semáforo,Automóvil
503,85763,2020-07-03,18:40:00,Urbana,Calle,9 DE julio,1200,ESPAÑA,,,1,1,0,2,0,,2,Asfalto,Apto,Seca,Día,NO,Despejado,Buena,Sin Semáforo,Motocicleta
504,87517,2020-07-02,20:40:00,Urbana,Calle,H. IRIGOYEN,1800,JUJUY,-2.746.948,-5.882.801,2,1,0,2,0,Alcance,2,Asfalto,,Seca,Noche,SI,Despejado,Buena,Sin Semáforo,Automóvil
505,87517,2020-07-02,20:40:00,Urbana,Calle,H. IRIGOYEN,1800,JUJUY,-2.746.948,-5.882.801,2,1,0,2,0,Alcance,2,Asfalto,,Seca,Noche,SI,Despejado,Buena,Sin Semáforo,Motocicleta
506,85681,2020-07-01,17:30:00,Urbana,Avenida,AV TENIENTE IBAÑES,960,HEROES CIVILES,-2.748.502,-5.884.070,1,1,0,2,0,Lateral,2,Hormigón,Apto,Seca,Atardecer,SI,Despejado,Buena,Sin Semáforo,Motocicleta
507,85681,2020-07-01,17:30:00,Urbana,Avenida,AV TENIENTE IBAÑES,960,HEROES CIVILES,-2.748.502,-5.884.070,1,1,0,2,0,Lateral,2,Hormigón,Apto,Seca,Atardecer,SI,Despejado,Buena,Sin Semáforo,Motocicleta
508,88573,2020-07-01,13:20:00,Urbana,Avenida,AV IV CENTENARIO,2900,,-2.749.082,-5.883.817,0,1,0,1,0,,1,Asfalto,Apto,Seca,Día,NO,Despejado,Buena,Sin Semáforo,Motocicleta
509,87716,2020-06-30,01:30:00,Urbana,Ruta Provincial,RUTA NACIONAL 12,1024,,-2.751.786,-5.876.819,1,0,0,1,0,,1,Hormigón,Apto,Mojada,Noche,SI,Nublado,Buena,Sin Semáforo,Automóvil
510,71315,2020-06-30,14:30:00,Urbana,Calle,GUASTAVINO,1700,GENERAL PAZ,-2.747.743,-5.884.333,2,0,0,2,0,Angulo,2,Asfalto,Apto,,,NO,Despejado,Buena,Sin Semáforo,Automóvil
511,71315,2020-06-30,14:30:00,Urbana,Calle,GUASTAVINO,1700,GENERAL PAZ,-2.747.743,-5.884.333,2,0,0,2,0,Angulo,2,Asfalto,Apto,,,NO,Despejado,Buena,Sin Semáforo,Automóvil
512,71467,2020-06-30,09:10:00,Urbana,Avenida,INDEPENDENCIA,4191,LAS PIEDRAS,-2.748.067,-5.880.064,2,0,0,2,0,Alcance,2,Hormigón,Apto,Seca,Día,NO,Despejado,Buena,Funciona,Camioneta/Utilitario
513,71467,2020-06-30,09:10:00,Urbana,Avenida,INDEPENDENCIA,4191,LAS PIEDRAS,-2.748.067,-5.880.064,2,0,0,2,0,Alcance,2,Hormigón,Apto,Seca,Día,NO,Despejado,Buena,Funciona,Camioneta/Utilitario
514,86713,2020-06-29,09:39:00,Urbana,Calle,LA RIOJA,1064,BOLIVAR,-2.747.054,-5.883.839,2,0,0,2,0,Alcance,2,Asfalto,Apto,Seca,Día,NO,Despejado,Buena,Sin Semáforo,Automóvil
515,86713,2020-06-29,09:39:00,Urbana,Calle,LA RIOJA,1064,BOLIVAR,-2.747.054,-5.883.839,2,0,0,2,0,Alcance,2,Asfalto,Apto,Seca,Día,NO,Despejado,Buena,Sin Semáforo,Motocicleta
516,74942,2020-06-27,10:37:00,Urbana,Calle,ESPAÑA,1300,BELGRAO,-2.747.278,-5.882.972,1,2,0,2,0,,2,Asfalto,Apto,Seca,Día,NO,Nublado,Buena,Sin Semáforo,Camioneta/Utilitario
517,74942,2020-06-27,10:37:00,Urbana,Calle,ESPAÑA,1300,BELGRAO,-2.747.278,-5.882.972,1,2,0,2,0,,2,Asfalto,Apto,Seca,Día,NO,Nublado,Buena,Sin Semáforo,Motocicleta
518,71380,2020-06-27,06:00:00,Urbana,Avenida,MAIPU,150,,-2.747.814,-5.882.979,1,0,1,2,0,En calzada,2,,Apto,Seca,Día,SI,Despejado,Buena,,Automóvil
519,71380,2020-06-27,06:00:00,Urbana,Avenida,MAIPU,150,,-2.747.814,-5.882.979,1,0,1,2,0,En calzada,2,,Apto,Seca,Día,SI,Despejado,Buena,,Motocicleta
520,90042,2020-06-27,10:00:00,Urbana,Avenida,AV MAIPU,1200,HAITI,-2.748.792,-5.882.207,1,2,0,2,0,Angulo,2,Asfalto,Apto,Seca,Día,NO,Despejado,Buena,Sin Semáforo,Automóvil