,id_feu,siniestro_fecha,siniestro_hora,zona_ocurrencia,via_publica,nombre_via,altura_km,entre_calle_1,latitud,longitud,ilesos,heridos,fallecidos,vehiculos,peatones,tipo_colision,cantidad_de_involucrados,material_de_la_calzada,estado_de_la_calzada,estado_fisico_ambiental,luminosidad,luz_artificial,estado_ambiental,visibilidad,semaforo,tipo_involucrado
521,90042,2020-06-27,10:00:00,Urbana,Avenida,AV MAIPU,1200,HAITI,-2.748.792,-5.882.207,1,2,0,2,0,Angulo,2,Asfalto,Apto,Seca,Día,NO,Despejado,Buena,Sin Semáforo,Motocicleta
522,72307,2020-06-26,06:31:00,Urbana,Calle,LA MADRID,200,SUIPACHA,-2.747.995,-5.885.152,2,0,0,2,0,Frontal,2,Asfalto,Apto,Seca,Día,NO,Despejado,Buena,,Automóvil
523,72307,2020-06-26,06:31:00,Urbana,Calle,LA MADRID,200,SUIPACHA,-2.747.995,-5.885.152,2,0,0,2,0,Frontal,2,Asfalto,Apto,Seca,Día,NO,Despejado,Buena,,Motocicleta
524,72416,2020-06-26,16:40:00,Urbana,Calle,ROMULO ALTIERA,1700,VERONA,-2.749.734,-5.877.028,2,1,0,2,0,Angulo,2,Tierra,,Mojada,Día,NO,Nublado,,Sin Semáforo,Automóvil
525,72416,2020-06-26,16:40:00,Urbana,Calle,ROMULO ALTIERA,1700,VERONA,-2.749.734,-5.877.028,2,1,0,2,0,Angulo,2,Tierra,,Mojada,Día,NO,Nublado,,Sin Semáforo,Motocicleta
526,80927,2020-06-25,12:50:00,Urbana,Avenida,AV MAIPU,4500,RUTA 12,-2.752.498,-5.876.512,1,3,0,2,0,,2,Hormigón,Apto,Seca,Día,NO,Despejado,Buena,Sin Semáforo,Automóvil
527,80927,2020-06-25,12:50:00,Urbana,Avenida,AV MAIPU,4500,RUTA 12,-2.752.498,-5.876.512,1,3,0,2,0,,2,Hormigón,Apto,Seca,Día,NO,Despejado,Buena,Sin Semáforo,Motocicleta
528,84577,2020-06-25,13:00:00,Urbana,Avenida,AV ARTIGAS,1400,MORENO,-2.747.493,-5.881.933,2,0,0,2,0,Alcance,2,Asfalto,Apto,Seca,Día,NO,Despejado,,Funciona,Automóvil
529,84577,2020-06-25,13:00:00,Urbana,Avenida,AV ARTIGAS,1400,MORENO,-2.747.493,-5.881.933,2,0,0,2,0,Alcance,2,Asfalto,Apto,Seca,Día,NO,Despejado,,Funciona,Automóvil
530,90001,2020-06-25,08:45:00,Urbana,Avenida,AV GOBERNADOR RUIZ,2800,,-2.746.760,-5.881.396,1,1,0,2,0,,2,Asfalto,Apto,Seca,Día,NO,Despejado,Buena,Sin Semáforo,Automóvil
531,90001,2020-06-25,08:45:00,Urbana,Avenida,AV GOBERNADOR RUIZ,2800,,-2.746.760,-5.881.396,1,1,0,2,0,,2,Asfalto,Apto,Seca,Día,NO,Despejado,Buena,Sin Semáforo,Motocicleta
532,75542,2020-06-25,13:05:00,Urbana,Calle,HEROES CIVILES,2300,PERUGORRIA,-2.748.379,-5.884.014,1,1,0,2,0,,2,Hormigón,Apto,Seca,Día,NO,Nublado,Buena,Sin Semáforo,Automóvil
533,75542,2020-06-25,13:05:00,Urbana,Calle,HEROES CIVILES,2300,PERUGORRIA,-2.748.379,-5.884.014,1,1,0,2,0,,2,Hormigón,Apto,Seca,Día,NO,Nublado,Buena,Sin Semáforo,Motocicleta
534,74431,2020-06-23,21:22:00,Urbana,Avenida,AV CENTENARIO,6000,,-2.747.924,-5.877.940,1,1,0,2,0,,2,Ripio,Apto,Seca,Noche,SI,Despejado,Buena,Sin Semáforo,Motocicleta
535,74431,2020-06-23,21:22:00,Urbana,Avenida,AV CENTENARIO,6000,,-2.747.924,-5.877.940,1,1,0,2,0,,2,Ripio,Apto,Seca,Noche,SI,Despejado,Buena,Sin Semáforo,Motocicleta
536,86431,2020-06-23,19:20:00,Urbana,Avenida,AV RIO CHICO,5300,BENABIDES,-2.746.118,-5.878.267,1,1,0,2,0,,2,Hormigón,Apto,Seca,Noche,SI,Despejado,Buena,Sin Semáforo,Motocicleta
537,86431,2020-06-23,19:20:00,Urbana,Avenida,AV RIO CHICO,5300,BENABIDES,-2.746.118,-5.878.267,1,1,0,2,0,,2,Hormigón,Apto,Seca,Noche,SI,Despejado,Buena,Sin Semáforo,Automóvil
538,80975,2020-06-19,16:10:00,Urbana,Avenida,AV 3 DE ABRIL,600,TUCUMAN,-2.747.508,-5.884.227,1,1,0,2,0,,2,Asfalto,Apto,Seca,Día,NO,Despejado,Buena,Funciona,Motocicleta
539,80975,2020-06-19,16:10:00,Urbana,Avenida,AV 3 DE ABRIL,600,TUCUMAN,-2.747.508,-5.884.227,1,1,0,2,0,,2,Asfalto,Apto,Seca,Día,NO,Despejado,Buena,Funciona,Automóvil
540,86707,2020-06-19,18:50:00,Urbana,Calle,CATAMARCA,1200,BOLIVAR,-2.747.122,-5.883.344,1,2,0,2,0,Angulo,2,Asfalto,Apto,Seca,Atardecer,SI,Despejado,Buena,Sin Semáforo,Automóvil
541,86707,2020-06-19,18:50:00,Urbana,Calle,CATAMARCA,1200,BOLIVAR,-2.747.122,-5.883.344,1,2,0,2,0,Angulo,2,Asfalto,Apto,Seca,Atardecer,SI,Despejado,Buena,Sin Semáforo,Motocicleta
542,77408,2020-06-18,08:10:00,Urbana,Avenida,AV DEL IV CENTENARIO,3400,TARAGUI,-2.749.548,-5.883.813,1,1,0,1,0,,1,Asfalto,Apto,Seca,Día,NO,Despejado,Buena,Sin Semáforo,Motocicleta
543,89994,2020-06-18,20:15:00,Urbana,Avenida,AV MAIPU,6700,ROTONDA SANTA CATALINA,-2.752.211,-5.879.979,2,0,0,2,0,,2,Asfalto,Apto,Seca,Noche,SI,Despejado,Buena,Sin Semáforo,Automóvil
544,89994,2020-06-18,20:15:00,Urbana,Avenida,AV MAIPU,6700,ROTONDA SANTA CATALINA,-2.752.211,-5.879.979,2,0,0,2,0,,2,Asfalto,Apto,Seca,Noche,SI,Despejado,Buena,Sin Semáforo,Motocicleta
545,76288,2020-06-18,10:00:00,Urbana,Calle,ELIAS ABAD,2400,,-2.748.362,-5.884.987,1,1,0,2,0,Angulo,2,Hormigón,Apto,Seca,Día,NO,"Despejado, Viento",Buena,Sin Semáforo,Motocicleta
546,76288,2020-06-18,10:00:00,Urbana,Calle,ELIAS ABAD,2400,,-2.748.362,-5.884.987,1,1,0,2,0,Angulo,2,Hormigón,Apto,Seca,Día,NO,"Despejado, Viento",Buena,Sin Semáforo,Bicicleta
547,84083,2020-06-18,08:41:00,Urbana,Calle,H. IRIGOYEN,2500,ITUZAINGO,-2.747.038,-5.881.901,2,0,0,2,0,Angulo,2,Asfalto,Apto,Seca,Día,NO,Despejado,,Sin Semáforo,Motocicleta
548,84083,2020-06-18,08:41:00,Urbana,Calle,H. IRIGOYEN,2500,ITUZAINGO,-2.747.038,-5.881.901,2,0,0,2,0,Angulo,2,Asfalto,Apto,Seca,Día,NO,Despejado,,Sin Semáforo,Transporte de pasajeros
549,84401,2020-06-17,22:54:00,Urbana,Calle,LAS HERAS,4000,OBISPO NIELLA,-2.748.479,-5.880.349,2,0,0,2,0,,2,Asfalto,Apto,Seca,Noche,NO,Despejado,Buena,Sin Semáforo,Automóvil
550,84401,2020-06-17,22:54:00,Urbana,Calle,LAS HERAS,4000,OBISPO NIELLA,-2.748.479,-5.880.349,2,0,0,2,0,,2,Asfalto,Apto,Seca,Noche,NO,Despejado,Buena,Sin Semáforo,Motocicleta
551,74003,2020-06-17,20:10:00,Urbana,Avenida,AV R.R.ALFONSIN,4400,MEDRANO,-2.747.521,-5.879.725,1,1,0,2,0,,2,Asfalto,Apto,Seca,Noche,SI,Despejado,Buena,Funciona,Automóvil
552,74003,2020-06-17,20:10:00,Urbana,Avenida,AV R.R.ALFONSIN,4400,MEDRANO,-2.747.521,-5.879.725,1,1,0,2,0,,2,Asfalto,Apto,Seca,Noche,SI,Despejado,Buena,Funciona,Bicicleta
553,85772,2020-06-17,08:29:00,Urbana,Avenida,AV VERA,1400,CATAMARCA,-2.746.127,-5.883.230,0,1,0,1,0,,1,Asfalto,Apto,Seca,Día,NO,Despejado,Buena,Sin Semáforo,Bicicleta
554,79828,2020-06-17,12:45:00,Urbana,Calle,MEXICO,1400,SUECIA,-2.747.522,-5.881.642,0,2,0,2,0,,2,Asfalto,Apto,Seca,Día,NO,Despejado,Buena,,Motocicleta
555,79828,2020-06-17,12:45:00,Urbana,Calle,MEXICO,1400,SUECIA,-2.747.522,-5.881.642,0,2,0,2,0,,2,Asfalto,Apto,Seca,Día,NO,Despejado,Buena,,Bicicleta
556,88050,2020-06-16,11:10:00,Urbana,Calle,LA CUEVA,2700,,-2.750.664,-5.881.168,2,1,0,2,0,Alcance,2,Asfalto,Apto,Seca,Día,NO,Despejado,Buena,Sin Semáforo,Motocicleta
557,88050,2020-06-16,11:10:00,Urbana,Calle,LA CUEVA,2700,,-2.750.664,-5.881.168,2,1,0,2,0,Alcance,2,Asfalto,Apto,Seca,Día,NO,Despejado,Buena,Sin Semáforo,Bicicleta
558,71477,2020-06-16,06:00:00,Urbana,Avenida,MAIPU,500,TENIENTE IBAÑEZ,-2.748.742,-5.882.223,1,2,0,2,0,Angulo,2,Asfalto,Apto,Seca,Día,NO,,Buena,Intermitente,Motocicleta
559,71477,2020-06-16,06:00:00,Urbana,Avenida,MAIPU,500,TENIENTE IBAÑEZ,-2.748.742,-5.882.223,1,2,0,2,0,Angulo,2,Asfalto,Apto,Seca,Día,NO,,Buena,Intermitente,Motocicleta
560,71488,2020-06-16,15:45:00,Urbana,Calle,ESPAÑA,1571,,-2.747.599,-5.883.003,1,1,0,2,0,Alcance,2,Hormigón,Apto,Seca,Día,NO,,,Funciona,Automóvil
561,71488,2020-06-16,15:45:00,Urbana,Calle,ESPAÑA,1571,,-2.747.599,-5.883.003,1,1,0,2,0,Alcance,2,Hormigón,Apto,Seca,Día,NO,,,Funciona,Motocicleta
562,74042,2020-06-16,12:45:00,Urbana,Avenida,AV  3 DE ABRIL,1500,SAN LORENZO,-2.747.615,-5.883.268,2,0,0,2,0,,2,Hormigón,Apto,Seca,Día,NO,Despejado,Buena,Sin Semáforo,Automóvil
563,74042,2020-06-16,12:45:00,Urbana,Avenida,AV  3 DE ABRIL,1500,SAN LORENZO,-2.747.615,-5.883.268,2,0,0,2,0,,2,Hormigón,Apto,Seca,Día,NO,Despejado,Buena,Sin Semáforo,Camioneta/Utilitario
564,74783,2020-06-16,16:25:00,Urbana,Calle,GENERAL PAZ,300,ELIAS ABAB,-2.747.671,-5.884.848,1,1,0,2,0,Angulo,2,Asfalto,Apto,Seca,,NO,Despejado,,Sin Semáforo,Motocicleta
565,74783,2020-06-16,16:25:00,Urbana,Calle,GENERAL PAZ,300,ELIAS ABAB,-2.747.671,-5.884.848,1,1,0,2,0,Angulo,2,Asfalto,Apto,Seca,,NO,Despejado,,Sin Semáforo,Automóvil
566,81408,2020-06-16,19:10:00,Urbana,Avenida,JUAN PUJOL,1900,PARAGUAY,-2.746.850,-5.882.662,1,1,0,2,0,Alcance,2,Asfalto,Apto,Seca,Noche,,Despejado,Buena,,Automóvil
567,81408,2020-06-16,19:10:00,Urbana,Avenida,JUAN PUJOL,1900,PARAGUAY,-2.746.850,-5.882.662,1,1,0,2,0,Alcance,2,Asfalto,Apto,Seca,Noche,,Despejado,Buena,,Motocicleta
568,86428,2020-06-14,07:50:00,Urbana,Calle,RAWSON,4800,ONTEVERO,-2.747.429,-5.879.217,0,2,0,2,0,Angulo,2,Asfalto,Apto,Seca,Día,NO,Despejado,Buena,Sin Semáforo,Motocicleta
569,86428,2020-06-14,07:50:00,Urbana,Calle,RAWSON,4800,ONTEVERO,-2.747.429,-5.879.217,0,2,0,2,0,Angulo,2,Asfalto,Apto,Seca,Día,NO,Despejado,Buena,Sin Semáforo,Motocicleta
570,85679,2020-06-13,18:00:00,Urbana,Calle,SAAVEDRA,1800,CABILDO,-2.748.075,-5.881.235,1,1,0,2,0,,2,Ripio,Apto,"Despejada, Seca",Día,NO,Despejado,Buena,Sin Semáforo,Motocicleta
571,85679,2020-06-13,18:00:00,Urbana,Calle,SAAVEDRA,1800,CABILDO,-2.748.075,-5.881.235,1,1,0,2,0,,2,Ripio,Apto,"Despejada, Seca",Día,NO,Despejado,Buena,Sin Semáforo,Camioneta/Utilitario
572,74869,2020-06-13,08:00:00,Urbana,Avenida,AV MAIPU,3000,,-2.749.722,-5.881.589,0,1,0,1,0,,1,Asfalto,Apto,Mojada,Día,NO,Lluvia,Buena,Sin Semáforo,Motocicleta
573,71388,2020-06-13,08:30:00,Urbana,Avenida,Av. Gdor Ruiz,2000,Av. Gdor J. Pujol,-2.746.709,-5.882.170,2,0,0,2,0,Angulo,2,Hormigón,Apto,Mojada,Día,NO,Lluvia,Buena,Sin Semáforo,Motocicleta
574,71388,2020-06-13,08:30:00,Urbana,Avenida,Av. Gdor Ruiz,2000,Av. Gdor J. Pujol,-2.746.709,-5.882.170,2,0,0,2,0,Angulo,2,Hormigón,Apto,Mojada,Día,NO,Lluvia,Buena,Sin Semáforo,Motocicleta
575,85191,2020-06-12,10:00:00,Urbana,Avenida,AV 3 DE ABRIL,1700,ESPAÑA,-2.747.639,-5.883.017,3,0,0,3,0,Alcance,3,Asfalto,Apto,Seca,Día,NO,Despejado,Buena,Sin Semáforo,Automóvil
576,85191,2020-06-12,10:00:00,Urbana,Avenida,AV 3 DE ABRIL,1700,ESPAÑA,-2.747.639,-5.883.017,3,0,0,3,0,Alcance,3,Asfalto,Apto,Seca,Día,NO,Despejado,Buena,Sin Semáforo,Transporte de carga
577,85191,2020-06-12,10:00:00,Urbana,Avenida,AV 3 DE ABRIL,1700,ESPAÑA,-2.747.639,-5.883.017,3,0,0,3,0,Alcance,3,Asfalto,Apto,Seca,Día,NO,Despejado,Buena,Sin Semáforo,Transporte de carga
578,79462,2020-06-12,17:30:00,Urbana,Calle,CUBA,4800,YUGOSLAVIA,-2.750.478,-5.879.561,1,2,0,2,0,Angulo,2,Hormigón,Apto,Seca,Atardecer,NO,Despejado,Buena,Sin Semáforo,Automóvil
579,79462,2020-06-12,17:30:00,Urbana,Calle,CUBA,4800,YUGOSLAVIA,-2.750.478,-5.879.561,1,2,0,2,0,Angulo,2,Hormigón,Apto,Seca,Atardecer,NO,Despejado,Buena,Sin Semáforo,Motocicleta
580,75447,2020-06-12,13:45:00,Urbana,Calle,ESMERALDA,4600,GOROSTIAGA,-2.748.321,-5.879.687,1,1,0,2,0,,2,Tierra,Apto,Seca,Día,NO,Nublado,Buena,Sin Semáforo,Automóvil
581,75447,2020-06-12,13:45:00,Urbana,Calle,ESMERALDA,4600,GOROSTIAGA,-2.748.321,-5.879.687,1,1,0,2,0,,2,Tierra,Apto,Seca,Día,NO,Nublado,Buena,Sin Semáforo,Motocicleta
582,80317,2020-06-11,09:43:00,Urbana,Calle,MEDRANO,1700,LAVALLE,-2.748.323,-5.879.866,1,1,0,2,0,,2,Asfalto,Apto,Seca,Día,NO,Despejado,Buena,Sin Semáforo,Motocicleta
583,80317,2020-06-11,09:43:00,Urbana,Calle,MEDRANO,1700,LAVALLE,-2.748.323,-5.879.866,1,1,0,2,0,,2,Asfalto,Apto,Seca,Día,NO,Despejado,Buena,Sin Semáforo,Automóvil
584,76290,2020-06-11,13:00:00,Urbana,Calle,NECOCHEA,300,ELIAS ABAD,-2.747.790,-5.884.865,1,2,0,2,0,,2,Hormigón,Apto,Seca,Día,NO,Despejado,Buena,Sin Semáforo,Automóvil
585,76290,2020-06-11,13:00:00,Urbana,Calle,NECOCHEA,300,ELIAS ABAD,-2.747.790,-5.884.865,1,2,0,2,0,,2,Hormigón,Apto,Seca,Día,NO,Despejado,Buena,Sin Semáforo,Motocicleta
586,72242,2020-06-10,16:15:00,Urbana,Avenida,CAFAYATE 2800,2200,AV. SANTA CATALINA,-2.749.708,-5.882.123,1,1,0,2,0,Frontal,2,,Apto,Mojada,,NO,Lluvia,Lluvia,,Transporte de carga
587,72242,2020-06-10,16:15:00,Urbana,Avenida,CAFAYATE 2800,2200,AV. SANTA CATALINA,-2.749.708,-5.882.123,1,1,0,2,0,Frontal,2,,Apto,Mojada,,NO,Lluvia,Lluvia,,Motocicleta
588,86705,2020-06-09,06:25:00,Urbana,Calle,MENDOZA,600,PELLEGRINI,-2.746.545,-5.883.537,1,1,0,2,0,,2,Asfalto,Apto,Seca,Día,NO,Despejado,Buena,Funciona,Motocicleta
589,86705,2020-06-09,06:25:00,Urbana,Calle,MENDOZA,600,PELLEGRINI,-2.746.545,-5.883.537,1,1,0,2,0,,2,Asfalto,Apto,Seca,Día,NO,Despejado,Buena,Funciona,Motocicleta
590,71448,2020-06-08,10:30:00,Urbana,Avenida,GOBERNADOR RUIZ,2200,PERU,-2.746.671,-5.882.067,1,1,0,2,0,Alcance,2,Asfalto,Apto,Seca,Día,NO,Nublado,Buena,Sin Semáforo,Motocicleta
591,71448,2020-06-08,10:30:00,Urbana,Avenida,GOBERNADOR RUIZ,2200,PERU,-2.746.671,-5.882.067,1,1,0,2,0,Alcance,2,Asfalto,Apto,Seca,Día,NO,Nublado,Buena,Sin Semáforo,Camioneta/Utilitario
592,74183,2020-06-08,13:25:00,Urbana,Avenida,AV SARMIENTO,1845,GEERAL PAZ,-2.747.903,-5.883.039,2,1,0,2,0,,2,Asfalto,Apto,Seca,Día,NO,Despejado,Buena,Sin Semáforo,Automóvil
593,74183,2020-06-08,13:25:00,Urbana,Avenida,AV SARMIENTO,1845,GEERAL PAZ,-2.747.903,-5.883.039,2,1,0,2,0,,2,Asfalto,Apto,Seca,Día,NO,Despejado,Buena,Sin Semáforo,Motocicleta
594,84246,2020-06-05,22:00:00,Urbana,Calle,CARTAGENA,3200,SAAVEDRA,-2.749.255,-5.881.408,3,1,0,2,0,,2,Hormigón,Apto,,Noche,SI,Nublado,Buena,Sin Semáforo,Automóvil
595,84246,2020-06-05,22:00:00,Urbana,Calle,CARTAGENA,3200,SAAVEDRA,-2.749.255,-5.881.408,3,1,0,2,0,,2,Hormigón,Apto,,Noche,SI,Nublado,Buena,Sin Semáforo,Motocicleta
596,72435,2020-06-04,17:45:00,Urbana,Calle,SAN LUIS,1096,SAN MARTIN,-2.746.910,-5.884.307,2,2,0,2,0,Angulo,2,Asfalto,Apto,Seca,Día,NO,Despejado,Buena,Sin Semáforo,Automóvil
597,72435,2020-06-04,17:45:00,Urbana,Calle,SAN LUIS,1096,SAN MARTIN,-2.746.910,-5.884.307,2,2,0,2,0,Angulo,2,Asfalto,Apto,Seca,Día,NO,Despejado,Buena,Sin Semáforo,Automóvil
598,76792,2020-06-04,13:30:00,Urbana,Calle,SAN FRANCISCO DE ASIS,5300,DUMAS,-2.749.557,-5.878.685,0,2,0,2,0,Frontal,2,Asfalto,Apto,Seca,Día,NO,Despejado,Buena,Sin Semáforo,Motocicleta
599,76792,2020-06-04,13:30:00,Urbana,Calle,SAN FRANCISCO DE ASIS,5300,DUMAS,-2.749.557,-5.878.685,0,2,0,2,0,Frontal,2,Asfalto,Apto,Seca,Día,NO,Despejado,Buena,Sin Semáforo,Motocicleta
600,85189,2020-06-04,14:00:00,Urbana,Calle,BRASIL,1200,BOLIVAR,-2.747.214,-5.882.447,2,0,0,2,0,Angulo,2,Asfalto,Apto,"Despejada, Seca",Día,SI,Despejado,Buena,Sin Semáforo,Automóvil
601,85189,2020-06-04,14:00:00,Urbana,Calle,BRASIL,1200,BOLIVAR,-2.747.214,-5.882.447,2,0,0,2,0,Angulo,2,Asfalto,Apto,"Despejada, Seca",Día,SI,Despejado,Buena,Sin Semáforo,Motocicleta
602,74426,2020-06-02,10:39:00,Urbana,Calle,COMODORO RIVADAVIA,1300,TRES SARGENTO,-2.748.992,-5.883.705,1,0,0,1,0,Inmueble,1,Asfalto,Apto,Seca,Día,SI,Nublado,Buena,Sin Semáforo,Automóvil
603,74868,2020-06-01,08:00:00,Urbana,Avenida,AV PUJOL,2400,VELEZ SARSFIELD,-2.746.847,-5.882.013,1,1,0,1,0,,1,Asfalto,Apto,Mojada,Día,SI,Lluvia,Buena,Sin Semáforo,Motocicleta
604,76109,2020-05-31,07:20:00,Urbana,Avenida,AV LAS VIOLETAS,300,LOS LIRIOS,-2.745.661,-5.877.695,2,1,0,2,0,,2,Asfalto,Apto,Seca,Día,NO,Nublado,Buena,Sin Semáforo,Automóvil
605,76109,2020-05-31,07:20:00,Urbana,Avenida,AV LAS VIOLETAS,300,LOS LIRIOS,-2.745.661,-5.877.695,2,1,0,2,0,,2,Asfalto,Apto,Seca,Día,NO,Nublado,Buena,Sin Semáforo,Camioneta/Utilitario
606,74752,2020-05-30,11:00:00,Urbana,Avenida,AV FERRE,2600,AV ARTIGAS,-2.747.789,-5.881.974,1,1,0,2,0,Angulo,2,Hormigón,Apto,Seca,Día,NO,Despejado,Buena,Funciona,Motocicleta
607,74752,2020-05-30,11:00:00,Urbana,Avenida,AV FERRE,2600,AV ARTIGAS,-2.747.789,-5.881.974,1,1,0,2,0,Angulo,2,Hormigón,Apto,Seca,Día,NO,Despejado,Buena,Funciona,Transporte de carga
608,85431,2020-05-29,07:00:00,Urbana,Ruta Nacional,12,1027,,-2.750.999,-5.877.142,1,1,0,2,0,,2,Asfalto,Apto,Seca,Amanecer,NO,Despejado,Buena,Sin Semáforo,Bicicleta
609,85431,2020-05-29,07:00:00,Urbana,Ruta Nacional,12,1027,,-2.750.999,-5.877.142,1,1,0,2,0,,2,Asfalto,Apto,Seca,Amanecer,NO,Despejado,Buena,Sin Semáforo,Transporte de carga
610,77084,2020-05-27,18:30:00,Urbana,Calle,JUJUY,1200,BOLIVAR,-2.747.175,-5.882.834,2,1,0,2,0,,2,Asfalto,Apto,Seca,Noche,NO,Despejado,Buena,Sin Semáforo,Automóvil
611,77084,2020-05-27,18:30:00,Urbana,Calle,JUJUY,1200,BOLIVAR,-2.747.175,-5.882.834,2,1,0,2,0,,2,Asfalto,Apto,Seca,Noche,NO,Despejado,Buena,Sin Semáforo,Automóvil
612,70376,2020-05-27,23:00:00,Urbana,Avenida,AV MAIPU,1.800,LYON,-2.749.478,-5.881.745,1,2,0,2,0,Angulo,2,Hormigón,Apto,Mojada,Noche,SI,Lluvia,Buena,Funciona,Automóvil
613,70376,2020-05-27,23:00:00,Urbana,Avenida,AV MAIPU,1.800,LYON,-2.749.478,-5.881.745,1,2,0,2,0,Angulo,2,Hormigón,Apto,Mojada,Noche,SI,Lluvia,Buena,Funciona,Motocicleta
614,85764,2020-05-26,18:30:00,Urbana,Avenida,AV RIO CHICO,5100,TULIPANES,,,1,1,0,2,0,,2,Asfalto,Apto,Seca,Atardecer,NO,,Buena,Sin Semáforo,Motocicleta
615,85764,2020-05-26,18:30:00,Urbana,Avenida,AV RIO CHICO,5100,TULIPANES,,,1,1,0,2,0,,2,Asfalto,Apto,Seca,Atardecer,NO,,Buena,Sin Semáforo,Automóvil
616,90040,2020-05-25,06:10:00,Urbana,Calle,MORENO,1399,VELEZSARSFIELD,-2.747.476,-5.882.093,4,0,0,2,0,,2,Asfalto,Apto,Seca,Día,NO,Despejado,,Sin Semáforo,Automóvil
617,90040,2020-05-25,06:10:00,Urbana,Calle,MORENO,1399,VELEZSARSFIELD,-2.747.476,-5.882.093,4,0,0,2,0,,2,Asfalto,Apto,Seca,Día,NO,Despejado,,Sin Semáforo,Automóvil
618,74220,2020-05-24,07:10:00,Urbana,Ruta Nacional,12,2,VERONA,-2.749.615,-5.877.733,1,1,0,2,0,,2,Asfalto,Apto,Seca,Día,SI,Despejado,Buena,Sin Semáforo,Motocicleta
619,74220,2020-05-24,07:10:00,Urbana,Ruta Nacional,12,2,VERONA,-2.749.615,-5.877.733,1,1,0,2,0,,2,Asfalto,Apto,Seca,Día,SI,Despejado,Buena,Sin Semáforo,Motocicleta
620,85759,2020-05-23,08:50:00,Urbana,Avenida,AV ARMENIA,4300,JUAN AMBRISETTI,,,2,0,0,2,0,Angulo,2,Asfalto,Apto,Seca,Día,NO,Despejado,Buena,Sin Semáforo,Automóvil
621,85759,2020-05-23,08:50:00,Urbana,Avenida,AV ARMENIA,4300,JUAN AMBRISETTI,,,2,0,0,2,0,Angulo,2,Asfalto,Apto,Seca,Día,NO,Despejado,Buena,Sin Semáforo,Motocicleta
622,75800,2020-05-22,14:17:00,Urbana,Avenida,AV FERRE,2700,,-2.747.817,-5.881.853,0,1,0,1,0,,1,Hormigón,Apto,Seca,Día,,Lluvia,Lluvia,Sin Semáforo,Motocicleta
623,91673,2020-05-22,11:30:00,Urbana,Avenida,AV MAIPU,5500,FRENTE MAYORISTA MAKRO,-2.751.963,-5.880.132,1,0,0,1,0,,1,Asfalto,Apto,Seca,Día,NO,Despejado,Buena,Sin Semáforo,Automóvil
624,85197,2020-05-21,16:45:00,Urbana,Ruta Nacional,12,1100,TUPAK AMARU,-2.750.062,-5.877.548,1,1,0,2,0,Angulo,2,Asfalto,,Despejada,Día,SI,,Buena,Sin Semáforo,Motocicleta
625,85197,2020-05-21,16:45:00,Urbana,Ruta Nacional,12,1100,TUPAK AMARU,-2.750.062,-5.877.548,1,1,0,2,0,Angulo,2,Asfalto,,Despejada,Día,SI,,Buena,Sin Semáforo,Camioneta/Utilitario