,id_feu,siniestro_fecha,siniestro_hora,zona_ocurrencia,via_publica,nombre_via,altura_km,entre_calle_1,latitud,longitud,ilesos,heridos,fallecidos,vehiculos,peatones,tipo_colision,cantidad_de_involucrados,material_de_la_calzada,estado_de_la_calzada,estado_fisico_ambiental,luminosidad,luz_artificial,estado_ambiental,visibilidad,semaforo,tipo_involucrado
626,87210,2020-05-19,07:40:00,Urbana,Avenida,AV FERRE,1600,JUJUY,-2.747.667,-5.882.878,2,0,0,2,0,,2,Asfalto,Apto,Seca,Día,NO,Despejado,Buena,Funciona,Camioneta/Utilitario
627,87210,2020-05-19,07:40:00,Urbana,Avenida,AV FERRE,1600,JUJUY,-2.747.667,-5.882.878,2,0,0,2,0,,2,Asfalto,Apto,Seca,Día,NO,Despejado,Buena,Funciona,Transporte de carga
628,74422,2020-05-19,08:50:00,Urbana,Calle,LAVALLE,1200,MENDOZA,-2.747.707,-5.883.665,1,1,0,2,0,,2,Asfalto,Apto,Seca,Día,NO,Despejado,Buena,Sin Semáforo,Camioneta/Utilitario
629,74422,2020-05-19,08:50:00,Urbana,Calle,LAVALLE,1200,MENDOZA,-2.747.707,-5.883.665,1,1,0,2,0,,2,Asfalto,Apto,Seca,Día,NO,Despejado,Buena,Sin Semáforo,Motocicleta
630,76786,2020-05-18,14:00:00,Urbana,Calle,SAN MARTIN,1700,ESPAÑA,-2.747.052,-5.882.946,2,0,0,2,0,,2,Asfalto,Apto,Seca,Día,NO,Despejado,Buena,Sin Semáforo,Motocicleta
631,76786,2020-05-18,14:00:00,Urbana,Calle,SAN MARTIN,1700,ESPAÑA,-2.747.052,-5.882.946,2,0,0,2,0,,2,Asfalto,Apto,Seca,Día,NO,Despejado,Buena,Sin Semáforo,Automóvil
632,80973,2020-05-17,06:00:00,Urbana,Avenida,AV. C.CORRENTINO,5900,TRENTO,-2.749.065,-5.878.120,0,1,0,1,0,,1,Hormigón,Apto,Seca,Amanecer,SI,Despejado,Buena,Sin Semáforo,Motocicleta
633,88051,2020-05-16,07:51:00,Urbana,Avenida,AV FERRE,2100,BRASIL,-2.747.714,-5.882.507,5,0,0,2,0,Alcance,2,Asfalto,Apto,Seca,Día,NO,Despejado,,Funciona,Camioneta/Utilitario
634,88051,2020-05-16,07:51:00,Urbana,Avenida,AV FERRE,2100,BRASIL,-2.747.714,-5.882.507,5,0,0,2,0,Alcance,2,Asfalto,Apto,Seca,Día,NO,Despejado,,Funciona,Camioneta/Utilitario
635,87512,2020-05-16,14:18:00,Urbana,Avenida,AV C. CORRENTINO,4300,RIO JURAMENTO,-2.748.742,-5.880.026,2,0,0,2,0,Angulo,2,Asfalto,Apto,Seca,Día,SI,Despejado,Buena,Sin Semáforo,Motocicleta
636,87512,2020-05-16,14:18:00,Urbana,Avenida,AV C. CORRENTINO,4300,RIO JURAMENTO,-2.748.742,-5.880.026,2,0,0,2,0,Angulo,2,Asfalto,Apto,Seca,Día,SI,Despejado,Buena,Sin Semáforo,Automóvil
637,87363,2020-05-14,16:24:00,Urbana,Calle,RIVADAVIA,1400,,-2.747.467,-5.883.381,1,3,0,2,0,,2,Asfalto,Apto,Seca,Día,NO,Despejado,Buena,Sin Semáforo,Transporte de carga
638,87363,2020-05-14,16:24:00,Urbana,Calle,RIVADAVIA,1400,,-2.747.467,-5.883.381,1,3,0,2,0,,2,Asfalto,Apto,Seca,Día,NO,Despejado,Buena,Sin Semáforo,Motocicleta
639,89993,2020-05-14,14:00:00,Urbana,Avenida,AV INDEPENDENCIA,4230,,-2.748.085,-5.880.017,1,1,0,2,0,Angulo,2,Asfalto,Apto,Seca,Día,NO,Despejado,Buena,Sin Semáforo,Automóvil
640,89993,2020-05-14,14:00:00,Urbana,Avenida,AV INDEPENDENCIA,4230,,-2.748.085,-5.880.017,1,1,0,2,0,Angulo,2,Asfalto,Apto,Seca,Día,NO,Despejado,Buena,Sin Semáforo,Motocicleta
641,81404,2020-05-13,22:50:00,Urbana,Ruta Provincial,NUMERO 5,2 1/2,111,-2.748.604,-5.877.014,0,0,1,1,0,,1,Asfalto,Apto,Seca,Noche,,Despejado,Buena,Sin Semáforo,Motocicleta
642,71471,2020-05-13,07:20:00,Urbana,Calle,Pte. A. Frondizi,4250,NICARAGUA,-2.750.269,-5.879.767,1,0,0,1,0,,1,Hormigón,Apto,,Día,NO,Nublado,Buena,Sin Semáforo,Automóvil
643,79708,2020-05-10,10:30:00,Urbana,Avenida,MEDRANO,2600,LARREA,-2.749.134,-5.879.959,1,1,0,2,0,Angulo,2,Hormigón,Apto,Seca,Día,NO,Nublado,Buena,Sin Semáforo,Camioneta/Utilitario
644,79708,2020-05-10,10:30:00,Urbana,Avenida,MEDRANO,2600,LARREA,-2.749.134,-5.879.959,1,1,0,2,0,Angulo,2,Hormigón,Apto,Seca,Día,NO,Nublado,Buena,Sin Semáforo,Motocicleta
645,91675,2020-05-05,10:40:00,Urbana,Calle,MENDOZA,800,9 DE julio,-2.746.656,-5.883.549,2,0,0,2,0,,2,Asfalto,Apto,Seca,Día,SI,Despejado,Buena,Funciona,Automóvil
646,91675,2020-05-05,10:40:00,Urbana,Calle,MENDOZA,800,9 DE julio,-2.746.656,-5.883.549,2,0,0,2,0,,2,Asfalto,Apto,Seca,Día,SI,Despejado,Buena,Funciona,Automóvil
647,79535,2020-05-03,14:10:00,Urbana,Avenida,AV INDEPENDENCIA,4000,DARRAGUEIRA,,,4,0,0,2,0,Alcance,2,Hormigón,Apto,Mojada,Día,NO,Lluvia,Buena,Sin Semáforo,Automóvil
648,79535,2020-05-03,14:10:00,Urbana,Avenida,AV INDEPENDENCIA,4000,DARRAGUEIRA,,,4,0,0,2,0,Alcance,2,Hormigón,Apto,Mojada,Día,NO,Lluvia,Buena,Sin Semáforo,Transporte de pasajeros
649,73997,2020-04-30,16:25:00,Urbana,Avenida,AV INDEPENDENCIA,3700,TACUARI,-2.747.953,-5.880.636,1,1,0,2,0,Angulo,2,Asfalto,Apto,Seca,Día,SI,Despejado,Buena,Funciona,Bicicleta
650,73997,2020-04-30,16:25:00,Urbana,Avenida,AV INDEPENDENCIA,3700,TACUARI,-2.747.953,-5.880.636,1,1,0,2,0,Angulo,2,Asfalto,Apto,Seca,Día,SI,Despejado,Buena,Funciona,Motocicleta
651,79467,2020-04-28,08:50:00,Urbana,Avenida,AV PUJOL,2300,ROCA,-2.746.712,-5.882.185,1,1,0,2,0,,2,Asfalto,Apto,Seca,Día,NO,Nublado,Buena,Sin Semáforo,Motocicleta
652,79467,2020-04-28,08:50:00,Urbana,Avenida,AV PUJOL,2300,ROCA,-2.746.712,-5.882.185,1,1,0,2,0,,2,Asfalto,Apto,Seca,Día,NO,Nublado,Buena,Sin Semáforo,Automóvil
653,85196,2020-04-23,07:00:00,Urbana,Calle,ESNAOLA,400,,-2.746.557,-5.878.932,0,1,0,1,0,,1,Asfalto,Apto,Seca,Día,NO,Despejado,Buena,Sin Semáforo,Automóvil
654,86710,2020-04-18,19:00:00,Urbana,Calle,IRIGOYEN,2100,BRASIL,-2.746.987,-5.882.418,1,2,0,2,0,Alcance,2,Asfalto,Apto,Seca,Atardecer,SI,Despejado,Buena,Sin Semáforo,Automóvil
655,86710,2020-04-18,19:00:00,Urbana,Calle,IRIGOYEN,2100,BRASIL,-2.746.987,-5.882.418,1,2,0,2,0,Alcance,2,Asfalto,Apto,Seca,Atardecer,SI,Despejado,Buena,Sin Semáforo,Motocicleta
656,68901,2020-04-18,18:10:00,Urbana,Calle,CRISTO OBRERO,4200,RAFAEL OBLIDO,-2.746.752,-5.879.818,0,1,0,2,0,Angulo,2,Hormigón,Apto,"Despejada, Seca",Día,NO,Despejado,Buena,Sin Semáforo,Motocicleta
657,68901,2020-04-18,18:10:00,Urbana,Calle,CRISTO OBRERO,4200,RAFAEL OBLIDO,-2.746.752,-5.879.818,0,1,0,2,0,Angulo,2,Hormigón,Apto,"Despejada, Seca",Día,NO,Despejado,Buena,Sin Semáforo,Motocicleta
658,74219,2020-04-13,12:55:00,Urbana,Calle,MEDRANO,1400,BRAILE,,,1,1,0,2,0,,2,Hormigón,Apto,Seca,Día,SI,Despejado,Buena,Sin Semáforo,Automóvil
659,74219,2020-04-13,12:55:00,Urbana,Calle,MEDRANO,1400,BRAILE,,,1,1,0,2,0,,2,Hormigón,Apto,Seca,Día,SI,Despejado,Buena,Sin Semáforo,Motocicleta
660,89999,2020-04-11,13:55:00,Urbana,Calle,AYACUCHO,2700,COLOMBIA,-2.747.058,-5.881.678,1,1,0,2,0,Angulo,2,Asfalto,Apto,Seca,Día,NO,Despejado,Buena,Sin Semáforo,Automóvil
661,89999,2020-04-11,13:55:00,Urbana,Calle,AYACUCHO,2700,COLOMBIA,-2.747.058,-5.881.678,1,1,0,2,0,Angulo,2,Asfalto,Apto,Seca,Día,NO,Despejado,Buena,Sin Semáforo,Motocicleta
662,72280,2020-04-10,07:30:00,,Ruta Provincial,RATU 12,,,-2.872.190,-5.661.667,1,1,0,2,0,Angulo,2,Asfalto,Apto,Despejada,Día,SI,Despejado,Buena,Sin Semáforo,Motocicleta
663,72280,2020-04-10,07:30:00,,Ruta Provincial,RATU 12,,,-2.872.190,-5.661.667,1,1,0,2,0,Angulo,2,Asfalto,Apto,Despejada,Día,SI,Despejado,Buena,Sin Semáforo,Motocicleta
664,85434,2020-04-09,09:30:00,Urbana,Avenida,AV. CENTENARIO,3600,AV POMAR,-2.747.276,-5.880.625,1,1,0,2,0,Lateral,2,Asfalto,Apto,Seca,Día,NO,Despejado,Buena,Sin Semáforo,Automóvil
665,85434,2020-04-09,09:30:00,Urbana,Avenida,AV. CENTENARIO,3600,AV POMAR,-2.747.276,-5.880.625,1,1,0,2,0,Lateral,2,Asfalto,Apto,Seca,Día,NO,Despejado,Buena,Sin Semáforo,Motocicleta
666,91663,2020-04-02,12:30:00,Urbana,Avenida,AV. ARTIGAS,1100,BOLIVAR,,,2,0,0,2,0,Angulo,2,Asfalto,Apto,Seca,Día,NO,Despejado,Buena,Sin Semáforo,Automóvil
667,91663,2020-04-02,12:30:00,Urbana,Avenida,AV. ARTIGAS,1100,BOLIVAR,,,2,0,0,2,0,Angulo,2,Asfalto,Apto,Seca,Día,NO,Despejado,Buena,Sin Semáforo,Motocicleta
668,79370,2020-03-30,19:00:00,Urbana,Avenida,AV C.CORRENTINO,2000,RECONQUISTA,-2.748.208,-5.881.539,1,1,0,2,0,,2,Asfalto,Apto,Seca,Noche,NO,Nublado,Buena,Sin Semáforo,Automóvil
669,79370,2020-03-30,19:00:00,Urbana,Avenida,AV C.CORRENTINO,2000,RECONQUISTA,-2.748.208,-5.881.539,1,1,0,2,0,,2,Asfalto,Apto,Seca,Noche,NO,Nublado,Buena,Sin Semáforo,Motocicleta
670,74781,2020-03-29,06:57:00,Urbana,Avenida,AV R.R. ALFONSIN,3535,,-2.747.255,-5.880.702,1,0,0,1,0,,1,Asfalto,Apto,Seca,Amanecer,NO,Despejado,Buena,Sin Semáforo,Motocicleta
671,85186,2020-03-29,10:05:00,Urbana,Avenida,AV 3 DE ABRIL,1700,ESPAÑA,-2.747.639,-5.883.017,0,1,0,1,0,,1,Asfalto,Apto,Seca,Día,NO,Despejado,Buena,Funciona,Motocicleta
672,79839,2020-03-28,15:25:00,Urbana,Avenida,AV INDEPENDENCIA,3400,CASTELLI,-2.747.922,-5.880.983,2,1,0,2,0,,2,Hormigón,Apto,Seca,Atardecer,NO,Despejado,Buena,Funciona,Automóvil
673,79839,2020-03-28,15:25:00,Urbana,Avenida,AV INDEPENDENCIA,3400,CASTELLI,-2.747.922,-5.880.983,2,1,0,2,0,,2,Hormigón,Apto,Seca,Atardecer,NO,Despejado,Buena,Funciona,Motocicleta
674,71366,2020-03-28,12:45:00,Rural,Ruta Provincial,5,1900,,-2.748.733,-5.876.570,1,1,0,2,0,Lateral,2,Asfalto,Apto,,Día,NO,Despejado,Buena,,Motocicleta
675,71366,2020-03-28,12:45:00,Rural,Ruta Provincial,5,1900,,-2.748.733,-5.876.570,1,1,0,2,0,Lateral,2,Asfalto,Apto,,Día,NO,Despejado,Buena,,Automóvil
676,77240,2020-03-28,16:00:00,Urbana,Calle,CATAMARCA,1300,BELGRANO,-2.747.238,-5.883.357,1,1,0,2,0,,2,Hormigón,Apto,Seca,Día,NO,Nublado,,Sin Semáforo,Automóvil
677,77240,2020-03-28,16:00:00,Urbana,Calle,CATAMARCA,1300,BELGRANO,-2.747.238,-5.883.357,1,1,0,2,0,,2,Hormigón,Apto,Seca,Día,NO,Nublado,,Sin Semáforo,Motocicleta
678,84948,2020-03-20,12:30:00,Urbana,Avenida,AV.C.CORRENTINO,5900,RUTA 12,,,1,0,0,1,0,,1,Asfalto,Apto,Seca,Día,NO,Despejado,Buena,Funciona,Camioneta/Utilitario
679,73994,2020-03-19,18:40:00,Urbana,Avenida,AV SANTA ROSA,2000,LAS HERAS,-2.748.239,-5.882.053,3,2,0,2,0,,2,Hormigón,Apto,"Despejada, Seca",Día,NO,Despejado,Buena,Sin Semáforo,Automóvil
680,73994,2020-03-19,18:40:00,Urbana,Avenida,AV SANTA ROSA,2000,LAS HERAS,-2.748.239,-5.882.053,3,2,0,2,0,,2,Hormigón,Apto,"Despejada, Seca",Día,NO,Despejado,Buena,Sin Semáforo,Transporte de carga
681,74782,2020-03-16,13:00:00,Urbana,Calle,ALTE BROWN,4900,ARAOZ,-2.747.906,-5.879.184,0,1,0,2,0,Alcance,2,Tierra,Apto,"Despejada, Seca",Día,NO,Despejado,Buena,Sin Semáforo,Motocicleta
682,74782,2020-03-16,13:00:00,Urbana,Calle,ALTE BROWN,4900,ARAOZ,-2.747.906,-5.879.184,0,1,0,2,0,Alcance,2,Tierra,Apto,"Despejada, Seca",Día,NO,Despejado,Buena,Sin Semáforo,Motocicleta
683,80324,2020-03-15,17:50:00,Urbana,Avenida,AV C.CORRENTINO,4000,GUEMES,-2.748.653,-5.880.829,2,0,0,2,0,,2,Asfalto,Apto,Seca,Día,NO,Despejado,Buena,Sin Semáforo,Automóvil
684,80324,2020-03-15,17:50:00,Urbana,Avenida,AV C.CORRENTINO,4000,GUEMES,-2.748.653,-5.880.829,2,0,0,2,0,,2,Asfalto,Apto,Seca,Día,NO,Despejado,Buena,Sin Semáforo,Motocicleta
685,76211,2020-03-14,10:08:00,Urbana,Avenida,AV C.CORRENTINOS,4100,LAS PIEDRAS,-2.748.733,-5.880.142,1,1,0,2,0,Angulo,2,Asfalto,,"Despejada, Seca",Día,,Despejado,Buena,Funciona,Automóvil
686,76211,2020-03-14,10:08:00,Urbana,Avenida,AV C.CORRENTINOS,4100,LAS PIEDRAS,-2.748.733,-5.880.142,1,1,0,2,0,Angulo,2,Asfalto,,"Despejada, Seca",Día,,Despejado,Buena,Funciona,Motocicleta
687,80337,2020-03-13,18:45:00,Urbana,Calle,COLOMBIA,1100,SAN MARTIN,-2.747.175,-5.881.701,0,2,0,2,0,,2,Hormigón,Apto,Seca,Atardecer,SI,Despejado,Buena,Sin Semáforo,Motocicleta
688,80337,2020-03-13,18:45:00,Urbana,Calle,COLOMBIA,1100,SAN MARTIN,-2.747.175,-5.881.701,0,2,0,2,0,,2,Hormigón,Apto,Seca,Atardecer,SI,Despejado,Buena,Sin Semáforo,Motocicleta
689,75162,2020-03-12,13:50:00,Urbana,Avenida,AV JUAN DE VERA,1200,PJE MANTILLA,-2.746.119,-5.883.489,2,0,0,2,0,,2,Asfalto,Apto,Seca,Día,SI,Despejado,Buena,Sin Semáforo,Automóvil
690,75162,2020-03-12,13:50:00,Urbana,Avenida,AV JUAN DE VERA,1200,PJE MANTILLA,-2.746.119,-5.883.489,2,0,0,2,0,,2,Asfalto,Apto,Seca,Día,SI,Despejado,Buena,Sin Semáforo,Motocicleta
691,81042,2020-03-12,15:30:00,Urbana,Avenida,AV MAIPU,2100,VALPARAISO,-2.749.724,-5.881.588,0,2,0,2,0,,2,Hormigón,Apto,Seca,Día,NO,Despejado,Buena,Sin Semáforo,Motocicleta
692,81042,2020-03-12,15:30:00,Urbana,Avenida,AV MAIPU,2100,VALPARAISO,-2.749.724,-5.881.588,0,2,0,2,0,,2,Hormigón,Apto,Seca,Día,NO,Despejado,Buena,Sin Semáforo,Motocicleta
693,80346,2020-03-11,18:50:00,Urbana,Avenida,AV MAIPU,1150,HAITI,-2.748.782,-5.882.207,3,1,0,2,0,Angulo,2,Hormigón,Apto,Seca,Noche,SI,Despejado,Buena,Sin Semáforo,Motocicleta
694,80346,2020-03-11,18:50:00,Urbana,Avenida,AV MAIPU,1150,HAITI,-2.748.782,-5.882.207,3,1,0,2,0,Angulo,2,Hormigón,Apto,Seca,Noche,SI,Despejado,Buena,Sin Semáforo,Camioneta/Utilitario
695,81277,2020-03-11,11:51:00,Urbana,Calle,LA RIOJA,1047,,-2.746.906,-5.883.819,1,1,0,2,0,,2,Asfalto,Apto,Seca,Día,NO,Despejado,Buena,Sin Semáforo,Automóvil
696,81277,2020-03-11,11:51:00,Urbana,Calle,LA RIOJA,1047,,-2.746.906,-5.883.819,1,1,0,2,0,,2,Asfalto,Apto,Seca,Día,NO,Despejado,Buena,Sin Semáforo,Motocicleta
697,85010,2020-03-11,11:15:00,Urbana,Avenida,AV RIO CHICO,6715,,,,0,1,0,1,0,,1,Asfalto,Apto,Seca,Día,SI,Nublado,Buena,Sin Semáforo,Motocicleta
698,71296,2020-03-10,20:20:00,Urbana,Avenida,3 DE abril,2600,ARTIGAS,-2.747.831,-5.882.011,2,0,0,2,0,Alcance,2,Hormigón,Apto,Seca,Noche,SI,Despejado,Buena,Funciona,Automóvil
699,71296,2020-03-10,20:20:00,Urbana,Avenida,3 DE abril,2600,ARTIGAS,-2.747.831,-5.882.011,2,0,0,2,0,Alcance,2,Hormigón,Apto,Seca,Noche,SI,Despejado,Buena,Funciona,Automóvil
700,74521,2020-03-07,10:20:00,Urbana,Avenida,AV ARMENIA,2900,BON PLAN,-2.746.739,-5.881.252,2,1,1,4,0,,4,Hormigón,Apto,Seca,Día,NO,Nublado,Buena,Sin Semáforo,Automóvil
701,74521,2020-03-07,10:20:00,Urbana,Avenida,AV ARMENIA,2900,BON PLAN,-2.746.739,-5.881.252,2,1,1,4,0,,4,Hormigón,Apto,Seca,Día,NO,Nublado,Buena,Sin Semáforo,Camioneta/Utilitario
702,74521,2020-03-07,10:20:00,Urbana,Avenida,AV ARMENIA,2900,BON PLAN,-2.746.739,-5.881.252,2,1,1,4,0,,4,Hormigón,Apto,Seca,Día,NO,Nublado,Buena,Sin Semáforo,Bicicleta
703,74521,2020-03-07,10:20:00,Urbana,Avenida,AV ARMENIA,2900,BON PLAN,-2.746.739,-5.881.252,2,1,1,4,0,,4,Hormigón,Apto,Seca,Día,NO,Nublado,Buena,Sin Semáforo,Motocicleta
704,81285,2020-03-07,05:50:00,Urbana,Avenida,AYACUCHO,2659,,-2.747.060,-5.881.722,1,0,0,1,0,Arbol,1,Asfalto,Apto,,Amanecer,SI,Despejado,Buena,Sin Semáforo,Automóvil
705,84947,2020-03-06,19:30:00,Urbana,Avenida,AV PUJOL,1700,PAMPIN,-4.000.000,-6.100.000,1,1,0,2,0,Angulo,2,,Apto,Seca,Noche,NO,Despejado,Buena,Sin Semáforo,Motocicleta
706,84947,2020-03-06,19:30:00,Urbana,Avenida,AV PUJOL,1700,PAMPIN,-4.000.000,-6.100.000,1,1,0,2,0,Angulo,2,,Apto,Seca,Noche,NO,Despejado,Buena,Sin Semáforo,Automóvil
707,85437,2020-03-05,21:40:00,Urbana,Avenida,AV MAIPU,900,AUSTRALIA,-2.748.603,-5.882.352,2,0,0,2,0,,2,Asfalto,Apto,Seca,Noche,NO,Despejado,Buena,Sin Semáforo,Motocicleta
708,85437,2020-03-05,21:40:00,Urbana,Avenida,AV MAIPU,900,AUSTRALIA,-2.748.603,-5.882.352,2,0,0,2,0,,2,Asfalto,Apto,Seca,Noche,NO,Despejado,Buena,Sin Semáforo,Camioneta/Utilitario
709,74529,2020-03-03,16:45:00,Urbana,Avenida,AV INDEPEDENCIA,4200,LAS PIERAS,-2.748.079,-5.880.050,1,1,0,2,0,,2,Hormigón,Apto,Seca,Día,NO,Despejado,Buena,Funciona,Automóvil
710,74529,2020-03-03,16:45:00,Urbana,Avenida,AV INDEPEDENCIA,4200,LAS PIERAS,-2.748.079,-5.880.050,1,1,0,2,0,,2,Hormigón,Apto,Seca,Día,NO,Despejado,Buena,Funciona,Motocicleta
711,74072,2020-03-02,18:30:00,Urbana,Ruta Provincial,RUTA 5,"KM 2,5",,-2.748.529,-5.877.458,1,1,0,2,0,,2,Asfalto,Apto,Seca,Día,SI,Despejado,Buena,Sin Semáforo,Automóvil
712,74072,2020-03-02,18:30:00,Urbana,Ruta Provincial,RUTA 5,"KM 2,5",,-2.748.529,-5.877.458,1,1,0,2,0,,2,Asfalto,Apto,Seca,Día,SI,Despejado,Buena,Sin Semáforo,Motocicleta
713,74891,2020-03-02,10:39:00,Urbana,Avenida,AV. C.CORRENTINO,4200,LAS PIEDRAS,-2.748.726,-5.880.145,1,1,0,1,1,,2,Asfalto,Apto,Seca,Día,NO,Despejado,Buena,Sin Semáforo,Motocicleta
714,74891,2020-03-02,10:39:00,Urbana,Avenida,AV. C.CORRENTINO,4200,LAS PIEDRAS,-2.748.726,-5.880.145,1,1,0,1,1,,2,Asfalto,Apto,Seca,Día,NO,Despejado,Buena,Sin Semáforo,Peatón
715,84080,2020-03-01,10:50:00,Urbana,Avenida,AV MAIPU,500,,-2.748.263,-5.882.633,1,1,0,2,0,Alcance,2,Asfalto,Apto,Seca,Día,NO,Despejado,Buena,Sin Semáforo,Motocicleta
716,84080,2020-03-01,10:50:00,Urbana,Avenida,AV MAIPU,500,,-2.748.263,-5.882.633,1,1,0,2,0,Alcance,2,Asfalto,Apto,Seca,Día,NO,Despejado,Buena,Sin Semáforo,Motocicleta
717,76311,2020-02-29,12:45:00,Urbana,Avenida,AV VERA,1400,CATAMARCA,-2.746.127,-5.883.230,2,0,0,2,0,Alcance,2,Asfalto,Apto,Seca,Día,NO,Despejado,Buena,Sin Semáforo,Transporte de pasajeros
718,76311,2020-02-29,12:45:00,Urbana,Avenida,AV VERA,1400,CATAMARCA,-2.746.127,-5.883.230,2,0,0,2,0,Alcance,2,Asfalto,Apto,Seca,Día,NO,Despejado,Buena,Sin Semáforo,Camioneta/Utilitario
719,74186,2020-02-29,22:30:00,Urbana,Calle,PARAGUAY,1900,LAVALLE,-2.747.790,-5.882.762,1,1,0,2,0,,2,Asfalto,Apto,Seca,Noche,SI,Despejado,Buena,Sin Semáforo,Motocicleta
720,74186,2020-02-29,22:30:00,Urbana,Calle,PARAGUAY,1900,LAVALLE,-2.747.790,-5.882.762,1,1,0,2,0,,2,Asfalto,Apto,Seca,Noche,SI,Despejado,Buena,Sin Semáforo,Automóvil
721,75165,2020-02-29,13:40:00,Urbana,Avenida,AV FERRE,1700,ROCA,-2.747.730,-5.882.368,3,2,0,3,0,,3,Hormigón,Apto,Seca,Día,NO,Despejado,Buena,Funciona,Automóvil
722,75165,2020-02-29,13:40:00,Urbana,Avenida,AV FERRE,1700,ROCA,-2.747.730,-5.882.368,3,2,0,3,0,,3,Hormigón,Apto,Seca,Día,NO,Despejado,Buena,Funciona,Automóvil
723,75165,2020-02-29,13:40:00,Urbana,Avenida,AV FERRE,1700,ROCA,-2.747.730,-5.882.368,3,2,0,3,0,,3,Hormigón,Apto,Seca,Día,NO,Despejado,Buena,Funciona,Automóvil
724,79463,2020-02-27,11:00:00,Urbana,Avenida,AV R.R.ALFONSIN,3046,,,,2,0,0,2,0,,2,,Apto,Seca,Día,NO,Despejado,Buena,,Automóvil
725,79463,2020-02-27,11:00:00,Urbana,Avenida,AV R.R.ALFONSIN,3046,,,,2,0,0,2,0,,2,,Apto,Seca,Día,NO,Despejado,Buena,,Motocicleta
726,86425,2020-02-26,08:25:00,Urbana,Calle,LUIS BRAILE,4800,SAENZ,-2.748.100,-5.879.330,2,1,0,3,0,Angulo,3,Asfalto,Apto,Seca,Día,NO,Despejado,Buena,Sin Semáforo,Automóvil
727,86425,2020-02-26,08:25:00,Urbana,Calle,LUIS BRAILE,4800,SAENZ,-2.748.100,-5.879.330,2,1,0,3,0,Angulo,3,Asfalto,Apto,Seca,Día,NO,Despejado,Buena,Sin Semáforo,Motocicleta
728,86425,2020-02-26,08:25:00,Urbana,Calle,LUIS BRAILE,4800,SAENZ,-2.748.100,-5.879.330,2,1,0,3,0,Angulo,3,Asfalto,Apto,Seca,Día,NO,Despejado,Buena,Sin Semáforo,Motocicleta
729,87714,2020-02-26,23:00:00,Urbana,Calle,AV INDEPENDENCIA,1500,MEDRANO,-2.748.171,-5.879.839,2,0,0,2,0,Alcance,2,Hormigón,Apto,Seca,Noche,SI,Nublado,Buena,Funciona,Automóvil
730,87714,2020-02-26,23:00:00,Urbana,Calle,AV INDEPENDENCIA,1500,MEDRANO,-2.748.171,-5.879.839,2,0,0,2,0,Alcance,2,Hormigón,Apto,Seca,Noche,SI,Nublado,Buena,Funciona,Automóvil