,id_feu,siniestro_fecha,siniestro_hora,zona_ocurrencia,via_publica,nombre_via,altura_km,entre_calle_1,latitud,longitud,ilesos,heridos,fallecidos,vehiculos,peatones,tipo_colision,cantidad_de_involucrados,material_de_la_calzada,estado_de_la_calzada,estado_fisico_ambiental,luminosidad,luz_artificial,estado_ambiental,visibilidad,semaforo,tipo_involucrado
731,74043,2020-02-26,06:45:00,Urbana,Calle,AYACUCHO,2950,ESTADOS UNIDOS,-2.747.094,-5.881.356,0,2,0,2,0,,2,Asfalto,Apto,Seca,Día,NO,Despejado,Buena,Sin Semáforo,Motocicleta
732,74043,2020-02-26,06:45:00,Urbana,Calle,AYACUCHO,2950,ESTADOS UNIDOS,-2.747.094,-5.881.356,0,2,0,2,0,,2,Asfalto,Apto,Seca,Día,NO,Despejado,Buena,Sin Semáforo,Automóvil
733,81279,2020-02-24,17:20:00,Urbana,Calle,SAN JUAN,1060,,-2.746.931,-5.883.694,1,0,0,1,0,,1,Hormigón,Apto,Seca,Atardecer,NO,Despejado,Buena,Sin Semáforo,Motocicleta
734,80316,2020-02-24,07:40:00,Urbana,Avenida,AV SARMIENTO,3500,RAFAELA,-2.749.629,-5.883.240,2,0,0,2,0,,2,Asfalto,Apto,Seca,Día,NO,Despejado,Buena,Sin Semáforo,Motocicleta
735,80316,2020-02-24,07:40:00,Urbana,Avenida,AV SARMIENTO,3500,RAFAELA,-2.749.629,-5.883.240,2,0,0,2,0,,2,Asfalto,Apto,Seca,Día,NO,Despejado,Buena,Sin Semáforo,Automóvil
736,84771,2020-02-23,15:20:00,Urbana,Avenida,AV MAIPU,3400,ALTA GRACIA,-2.750.771,-5.881.056,2,0,0,2,0,Lateral,2,Asfalto,Apto,Seca,Día,SI,Despejado,Buena,Funciona,Transporte de carga
737,84771,2020-02-23,15:20:00,Urbana,Avenida,AV MAIPU,3400,ALTA GRACIA,-2.750.771,-5.881.056,2,0,0,2,0,Lateral,2,Asfalto,Apto,Seca,Día,SI,Despejado,Buena,Funciona,Motocicleta
738,85003,2020-02-23,07:35:00,Urbana,Avenida,AV C.CORRRENTINO,5000,AV. MILAN,,,2,0,0,2,0,,2,Asfalto,Apto,Seca,Día,SI,Despejado,Buena,Funciona,Automóvil
739,85003,2020-02-23,07:35:00,Urbana,Avenida,AV C.CORRRENTINO,5000,AV. MILAN,,,2,0,0,2,0,,2,Asfalto,Apto,Seca,Día,SI,Despejado,Buena,Funciona,Automóvil
740,87715,2020-02-22,11:00:00,Urbana,Avenida,AV MAIPU,400,GENERAL PAZ,-2.747.931,-5.882.881,1,1,0,2,0,,2,,Apto,Seca,Día,NO,Despejado,Buena,Sin Semáforo,Motocicleta
741,87715,2020-02-22,11:00:00,Urbana,Avenida,AV MAIPU,400,GENERAL PAZ,-2.747.931,-5.882.881,1,1,0,2,0,,2,,Apto,Seca,Día,NO,Despejado,Buena,Sin Semáforo,Automóvil
742,75804,2020-02-20,13:45:00,Urbana,Calle,9 DE julio,600,TUCUMAN,-2.746.607,-5.884.158,1,1,0,2,0,,2,Asfalto,Apto,Mojada,Día,NO,Lluvia,Buena,Sin Semáforo,Motocicleta
743,75804,2020-02-20,13:45:00,Urbana,Calle,9 DE julio,600,TUCUMAN,-2.746.607,-5.884.158,1,1,0,2,0,,2,Asfalto,Apto,Mojada,Día,NO,Lluvia,Buena,Sin Semáforo,Transporte de pasajeros
744,86426,2020-02-19,08:21:00,Urbana,Avenida,AV ARMENIA,4780,,-2.746.696,-5.879.072,2,0,0,2,0,Alcance,2,Asfalto,Apto,Seca,Día,NO,Despejado,Buena,Sin Semáforo,Automóvil
745,86426,2020-02-19,08:21:00,Urbana,Avenida,AV ARMENIA,4780,,-2.746.696,-5.879.072,2,0,0,2,0,Alcance,2,Asfalto,Apto,Seca,Día,NO,Despejado,Buena,Sin Semáforo,Motocicleta
746,87736,2020-02-19,22:30:00,Urbana,Avenida,AV CANGALLO,4900,RENACIMIENTO,-2.750.873,-5.879.427,0,2,0,2,0,Alcance,2,Hormigón,Apto,Seca,Noche,SI,Despejado,Buena,Sin Semáforo,Motocicleta
747,87736,2020-02-19,22:30:00,Urbana,Avenida,AV CANGALLO,4900,RENACIMIENTO,-2.750.873,-5.879.427,0,2,0,2,0,Alcance,2,Hormigón,Apto,Seca,Noche,SI,Despejado,Buena,Sin Semáforo,Bicicleta
748,86062,2020-02-17,08:37:00,Urbana,Avenida,AV ARMENIA,3900,BRAILE,-2.746.878,-5.880.176,1,0,0,1,0,,1,Asfalto,Apto,Seca,Día,NO,"Lluvia, Viento",Buena,Sin Semáforo,Motocicleta
749,74191,2020-02-17,12:15:00,Urbana,Calle,RECONQUISTA,2600,MATEU,-2.748.901,-5.881.516,1,1,0,2,0,,2,Ripio,Apto,Seca,Día,SI,Despejado,Buena,Sin Semáforo,Transporte de carga
750,74191,2020-02-17,12:15:00,Urbana,Calle,RECONQUISTA,2600,MATEU,-2.748.901,-5.881.516,1,1,0,2,0,,2,Ripio,Apto,Seca,Día,SI,Despejado,Buena,Sin Semáforo,Motocicleta
751,75449,2020-02-17,07:20:00,Urbana,Avenida,AV MAIPU,7045,,-2.752.656,-5.879.559,0,2,0,2,0,,2,Hormigón,Apto,Seca,Día,NO,Despejado,Buena,Sin Semáforo,Motocicleta
752,75449,2020-02-17,07:20:00,Urbana,Avenida,AV MAIPU,7045,,-2.752.656,-5.879.559,0,2,0,2,0,,2,Hormigón,Apto,Seca,Día,NO,Despejado,Buena,Sin Semáforo,Motocicleta
753,81041,2020-02-13,18:38:00,Urbana,Avenida,AV RIO CHICO,5100,CALLE UNNE,-2.746.134,-5.878.494,1,1,0,2,0,,2,Asfalto,Apto,Seca,Noche,SI,Despejado,Buena,Sin Semáforo,Automóvil
754,81041,2020-02-13,18:38:00,Urbana,Avenida,AV RIO CHICO,5100,CALLE UNNE,-2.746.134,-5.878.494,1,1,0,2,0,,2,Asfalto,Apto,Seca,Noche,SI,Despejado,Buena,Sin Semáforo,Motocicleta
755,76029,2020-02-13,13:33:00,Urbana,Avenida,AV MAIPU,800,MADARIAGA,-2.748.507,-5.882.417,0,1,0,1,0,,1,Asfalto,Apto,Seca,Día,SI,Despejado,Buena,Sin Semáforo,Motocicleta
756,76789,2020-02-12,17:10:00,Urbana,Calle,BRASIL,1000,H. YRIGOYEN,-2.746.988,-5.882.419,2,0,0,2,0,,2,Asfalto,Apto,Seca,Día,NO,Despejado,,Sin Semáforo,Automóvil
757,76789,2020-02-12,17:10:00,Urbana,Calle,BRASIL,1000,H. YRIGOYEN,-2.746.988,-5.882.419,2,0,0,2,0,,2,Asfalto,Apto,Seca,Día,NO,Despejado,,Sin Semáforo,Camioneta/Utilitario
758,81411,2020-02-08,19:15:00,Urbana,Calle,MEDRANO,2800,SAN FRANCISCO,-2.749.311,-5.879.929,1,1,0,2,0,,2,Asfalto,Apto,Seca,Noche,SI,Despejado,Buena,Sin Semáforo,Motocicleta
759,81411,2020-02-08,19:15:00,Urbana,Calle,MEDRANO,2800,SAN FRANCISCO,-2.749.311,-5.879.929,1,1,0,2,0,,2,Asfalto,Apto,Seca,Noche,SI,Despejado,Buena,Sin Semáforo,Bicicleta
760,84676,2020-02-04,12:40:00,Urbana,Avenida,AV AYACUCHO,2900,ESTADOS UNIDOS,-2.747.086,-5.881.410,2,0,0,2,0,,2,Asfalto,Apto,Seca,Día,NO,Despejado,Buena,Sin Semáforo,Motocicleta
761,84676,2020-02-04,12:40:00,Urbana,Avenida,AV AYACUCHO,2900,ESTADOS UNIDOS,-2.747.086,-5.881.410,2,0,0,2,0,,2,Asfalto,Apto,Seca,Día,NO,Despejado,Buena,Sin Semáforo,Motocicleta
762,74780,2020-02-03,10:00:00,Urbana,Calle,SAN MARTIN,300,CHACO,-2.746.905,-5.884.690,2,0,0,2,0,Angulo,2,Hormigón,Apto,Seca,Día,NO,Despejado,Buena,Sin Semáforo,Automóvil
763,74780,2020-02-03,10:00:00,Urbana,Calle,SAN MARTIN,300,CHACO,-2.746.905,-5.884.690,2,0,0,2,0,Angulo,2,Hormigón,Apto,Seca,Día,NO,Despejado,Buena,Sin Semáforo,Motocicleta
764,85549,2020-02-03,18:45:00,Urbana,Calle,BELGRANO,700,TUCUMAN,0,0,1,1,0,2,0,Angulo,2,Asfalto,Apto,"Despejada, Seca",Día,NO,Despejado,Buena,Sin Semáforo,Motocicleta
765,85549,2020-02-03,18:45:00,Urbana,Calle,BELGRANO,700,TUCUMAN,0,0,1,1,0,2,0,Angulo,2,Asfalto,Apto,"Despejada, Seca",Día,NO,Despejado,Buena,Sin Semáforo,Automóvil
766,80331,2020-02-02,14:48:00,Urbana,Calle,ESTADOS UNIDOS,900,JUNIN,-2.746.963,-5.881.334,0,1,0,2,0,,2,Hormigón,Apto,Seca,Día,NO,Despejado,Buena,Sin Semáforo,Motocicleta
767,80331,2020-02-02,14:48:00,Urbana,Calle,ESTADOS UNIDOS,900,JUNIN,-2.746.963,-5.881.334,0,1,0,2,0,,2,Hormigón,Apto,Seca,Día,NO,Despejado,Buena,Sin Semáforo,Automóvil
768,75470,2020-01-30,11:40:00,Urbana,Avenida,CORDOBA E,1000,H YRIGOYEN,-2.746.889,-5.883.449,0,1,0,1,0,,1,Hormigón,,Seca,Día,NO,Despejado,Buena,Sin Semáforo,Motocicleta
769,79700,2020-01-28,21:27:00,Urbana,Avenida,AV C. CORRENTINO,4100,,-2.748.703,-5.880.297,2,0,0,2,0,,2,Asfalto,Apto,Seca,Noche,SI,Despejado,Buena,Sin Semáforo,Motocicleta
770,79700,2020-01-28,21:27:00,Urbana,Avenida,AV C. CORRENTINO,4100,,-2.748.703,-5.880.297,2,0,0,2,0,,2,Asfalto,Apto,Seca,Noche,SI,Despejado,Buena,Sin Semáforo,Automóvil
771,88064,2020-01-26,11:10:00,Urbana,Avenida,AV INDEPENDENCIA,3000,,-2.747.840,-5.881.465,3,0,0,3,0,Alcance,3,Asfalto,Apto,Seca,Día,NO,Despejado,Buena,Sin Semáforo,Camioneta/Utilitario
772,88064,2020-01-26,11:10:00,Urbana,Avenida,AV INDEPENDENCIA,3000,,-2.747.840,-5.881.465,3,0,0,3,0,Alcance,3,Asfalto,Apto,Seca,Día,NO,Despejado,Buena,Sin Semáforo,Automóvil
773,88064,2020-01-26,11:10:00,Urbana,Avenida,AV INDEPENDENCIA,3000,,-2.747.840,-5.881.465,3,0,0,3,0,Alcance,3,Asfalto,Apto,Seca,Día,NO,Despejado,Buena,Sin Semáforo,Automóvil
774,76111,2020-01-26,13:30:00,Urbana,Calle,M. MORENA,1400,BRASIL,-2.747.437,-5.882.473,2,0,0,2,0,,2,Asfalto,Apto,Seca,Día,NO,Despejado,,Sin Semáforo,Automóvil
775,76111,2020-01-26,13:30:00,Urbana,Calle,M. MORENA,1400,BRASIL,-2.747.437,-5.882.473,2,0,0,2,0,,2,Asfalto,Apto,Seca,Día,NO,Despejado,,Sin Semáforo,Automóvil
776,74035,2020-01-25,12:00:00,Urbana,Calle,9 DE julio,1700,ESPAÑA,-2.746.704,-5.882.913,2,0,0,2,0,Angulo,2,Asfalto,Apto,Seca,Día,NO,Despejado,Buena,Sin Semáforo,Automóvil
777,74035,2020-01-25,12:00:00,Urbana,Calle,9 DE julio,1700,ESPAÑA,-2.746.704,-5.882.913,2,0,0,2,0,Angulo,2,Asfalto,Apto,Seca,Día,NO,Despejado,Buena,Sin Semáforo,Automóvil
778,74184,2020-01-25,06:00:00,Urbana,Avenida,AV MAIPU,3100,TILCARA,-2.750.210,-5.881.275,2,0,0,2,0,,2,Hormigón,Apto,Seca,Amanecer,NO,Despejado,Buena,Sin Semáforo,Motocicleta
779,74184,2020-01-25,06:00:00,Urbana,Avenida,AV MAIPU,3100,TILCARA,-2.750.210,-5.881.275,2,0,0,2,0,,2,Hormigón,Apto,Seca,Amanecer,NO,Despejado,Buena,Sin Semáforo,Automóvil
780,80977,2020-01-24,20:30:00,Urbana,Avenida,AV MAIPU,3900,TILCARA,-2.750.209,-5.881.276,2,0,0,2,0,,2,Asfalto,Apto,Seca,Noche,SI,Despejado,Buena,Funciona,Automóvil
781,80977,2020-01-24,20:30:00,Urbana,Avenida,AV MAIPU,3900,TILCARA,-2.750.209,-5.881.276,2,0,0,2,0,,2,Asfalto,Apto,Seca,Noche,SI,Despejado,Buena,Funciona,Camioneta/Utilitario
782,85432,2020-01-23,08:40:00,Urbana,Avenida,AV ARMENIA,3600,19 DE mayo,-2.746.786,-5.880.504,2,0,0,2,0,,2,Asfalto,,Seca,Día,NO,Despejado,Buena,Sin Semáforo,Motocicleta
783,85432,2020-01-23,08:40:00,Urbana,Avenida,AV ARMENIA,3600,19 DE mayo,-2.746.786,-5.880.504,2,0,0,2,0,,2,Asfalto,,Seca,Día,NO,Despejado,Buena,Sin Semáforo,Transporte de carga
784,87209,2020-01-22,21:05:00,Urbana,Avenida,AV.C.CORRENTINO,5350,PERITO MORENO,-2.748.984,-5.878.695,2,2,0,2,0,,2,Asfalto,Apto,Seca,Noche,SI,Despejado,Buena,Sin Semáforo,Transporte de carga
785,87209,2020-01-22,21:05:00,Urbana,Avenida,AV.C.CORRENTINO,5350,PERITO MORENO,-2.748.984,-5.878.695,2,2,0,2,0,,2,Asfalto,Apto,Seca,Noche,SI,Despejado,Buena,Sin Semáforo,Transporte de carga
786,71311,2020-01-22,06:00:00,Rural,Ruta Nacional,12,1032,LILA SOTO,-2.746.867,-5.877.765,1,1,0,2,0,Angulo,2,,Apto,Seca,,NO,Despejado,Buena,,Motocicleta
787,71311,2020-01-22,06:00:00,Rural,Ruta Nacional,12,1032,LILA SOTO,-2.746.867,-5.877.765,1,1,0,2,0,Angulo,2,,Apto,Seca,,NO,Despejado,Buena,,Camioneta/Utilitario
788,80323,2020-01-22,14:10:00,Urbana,Avenida,MEDRANO,4300,CUBA,-2.750.478,-5.879.784,1,1,0,2,0,,2,Asfalto,Apto,Seca,Día,NO,Despejado,Buena,Funciona,Motocicleta
789,80323,2020-01-22,14:10:00,Urbana,Avenida,MEDRANO,4300,CUBA,-2.750.478,-5.879.784,1,1,0,2,0,,2,Asfalto,Apto,Seca,Día,NO,Despejado,Buena,Funciona,Camioneta/Utilitario
790,79829,2020-01-20,18:45:00,Urbana,Calle,ROCA,1500,RIVADAVIA,-2.747.568,-5.882.351,2,0,0,2,0,,2,Asfalto,Apto,Seca,Noche,SI,Despejado,Buena,Sin Semáforo,Transporte de carga
791,79829,2020-01-20,18:45:00,Urbana,Calle,ROCA,1500,RIVADAVIA,-2.747.568,-5.882.351,2,0,0,2,0,,2,Asfalto,Apto,Seca,Noche,SI,Despejado,Buena,Sin Semáforo,Automóvil
792,72082,2020-01-20,21:30:00,Urbana,Avenida,AV INDEPENDENCIA,5195,SANCHE DE BUSTAMANTE,-2.748.389,-5.878.823,4,0,0,4,0,Alcance,4,Hormigón,Apto,Seca,,SI,Despejado,Buena,Funciona,Automóvil
793,72082,2020-01-20,21:30:00,Urbana,Avenida,AV INDEPENDENCIA,5195,SANCHE DE BUSTAMANTE,-2.748.389,-5.878.823,4,0,0,4,0,Alcance,4,Hormigón,Apto,Seca,,SI,Despejado,Buena,Funciona,Automóvil
794,72082,2020-01-20,21:30:00,Urbana,Avenida,AV INDEPENDENCIA,5195,SANCHE DE BUSTAMANTE,-2.748.389,-5.878.823,4,0,0,4,0,Alcance,4,Hormigón,Apto,Seca,,SI,Despejado,Buena,Funciona,Automóvil
795,72082,2020-01-20,21:30:00,Urbana,Avenida,AV INDEPENDENCIA,5195,SANCHE DE BUSTAMANTE,-2.748.389,-5.878.823,4,0,0,4,0,Alcance,4,Hormigón,Apto,Seca,,SI,Despejado,Buena,Funciona,Automóvil
796,81343,2020-01-20,18:26:00,Urbana,Calle,LAMADRID,3100,,-2.748.440,-5.881.440,1,1,0,2,0,Angulo,2,Asfalto,Apto,Seca,Atardecer,SI,Despejado,Buena,Sin Semáforo,Automóvil
797,81343,2020-01-20,18:26:00,Urbana,Calle,LAMADRID,3100,,-2.748.440,-5.881.440,1,1,0,2,0,Angulo,2,Asfalto,Apto,Seca,Atardecer,SI,Despejado,Buena,Sin Semáforo,Motocicleta
798,86138,2020-01-18,19:00:00,Urbana,Calle,SAN MARTIN,1300,CORDOBA,-2.746.999,-5.883.466,1,1,0,2,0,Lateral,2,Asfalto,Apto,Seca,Atardecer,NO,Despejado,Buena,Sin Semáforo,Automóvil
799,86138,2020-01-18,19:00:00,Urbana,Calle,SAN MARTIN,1300,CORDOBA,-2.746.999,-5.883.466,1,1,0,2,0,Lateral,2,Asfalto,Apto,Seca,Atardecer,NO,Despejado,Buena,Sin Semáforo,Bicicleta
800,71371,2020-01-17,05:00:00,Urbana,Avenida,Av.  Pedro Ferre,2300,VELEZ SARFIELD,-2.747.757,-5.882.125,1,1,0,2,0,Lateral,2,Hormigón,Apto,Seca,,SI,Despejado,Buena,,Automóvil
801,71371,2020-01-17,05:00:00,Urbana,Avenida,Av.  Pedro Ferre,2300,VELEZ SARFIELD,-2.747.757,-5.882.125,1,1,0,2,0,Lateral,2,Hormigón,Apto,Seca,,SI,Despejado,Buena,,Motocicleta
802,74002,2020-01-16,17:58:00,Urbana,Calle,HIPOLITO YRIGOYEN,800,BUENOS AIRES,-2.746.830,-5.884.058,5,0,0,2,0,,2,Asfalto,Apto,Seca,Día,NO,Despejado,Buena,Sin Semáforo,Automóvil
803,74002,2020-01-16,17:58:00,Urbana,Calle,HIPOLITO YRIGOYEN,800,BUENOS AIRES,-2.746.830,-5.884.058,5,0,0,2,0,,2,Asfalto,Apto,Seca,Día,NO,Despejado,Buena,Sin Semáforo,Motocicleta
804,84266,2020-01-15,09:00:00,Urbana,Avenida,AV R.R. ALFONSIN,4900,,-2.747.639,-5.879.003,1,1,0,2,0,,2,Asfalto,Apto,Seca,Día,NO,Despejado,Buena,Funciona,Automóvil
805,84266,2020-01-15,09:00:00,Urbana,Avenida,AV R.R. ALFONSIN,4900,,-2.747.639,-5.879.003,1,1,0,2,0,,2,Asfalto,Apto,Seca,Día,NO,Despejado,Buena,Funciona,Motocicleta
806,91664,2020-01-14,06:30:00,Urbana,Avenida,AV MAIPU,1600,,-2.749.312,-5.881.883,0,1,0,1,0,,1,Asfalto,Apto,Seca,Día,NO,,Buena,Sin Semáforo,Motocicleta
807,79450,2020-01-10,06:33:00,Urbana,Avenida,AV R.R.ALFONSIN,4400,MEDRANO,-2.747.521,-5.879.725,1,1,0,1,0,,1,Asfalto,Apto,Seca,Noche,SI,Despejado,Buena,Sin Semáforo,Motocicleta
808,76788,2020-01-10,12:10:00,Urbana,Avenida,AV 3 DE ABRIL,2360,,-2.747.743,-5.882.195,2,0,0,2,0,Angulo,2,Asfalto,Apto,Seca,Día,NO,Despejado,Buena,Funciona,Motocicleta
809,76788,2020-01-10,12:10:00,Urbana,Avenida,AV 3 DE ABRIL,2360,,-2.747.743,-5.882.195,2,0,0,2,0,Angulo,2,Asfalto,Apto,Seca,Día,NO,Despejado,Buena,Funciona,Motocicleta
810,85543,2020-01-09,10:21:00,Urbana,Avenida,AV MAIPU,1800,LYON,-2.749.482,-5.881.753,1,1,0,2,0,,2,Asfalto,Apto,"Despejada, Seca",Día,NO,Despejado,Buena,Funciona,Automóvil
811,85543,2020-01-09,10:21:00,Urbana,Avenida,AV MAIPU,1800,LYON,-2.749.482,-5.881.753,1,1,0,2,0,,2,Asfalto,Apto,"Despejada, Seca",Día,NO,Despejado,Buena,Funciona,Motocicleta
812,74012,2020-01-08,06:20:00,Urbana,Calle,NUESTRA SEÑORA E ASUNCION,2500,,-2.749.164,-5.882.082,0,2,0,1,0,,1,Asfalto,Apto,Seca,Amanecer,SI,,Buena,Sin Semáforo,Motocicleta
813,81275,2020-01-08,15:50:00,Urbana,Avenida,AV LIBERTAD,6400,RUTA NACIONAL 12,-2.746.210,-5.876.898,0,2,0,2,0,,2,Asfalto,Apto,Seca,Atardecer,NO,Despejado,Buena,Sin Semáforo,Motocicleta
814,81275,2020-01-08,15:50:00,Urbana,Avenida,AV LIBERTAD,6400,RUTA NACIONAL 12,-2.746.210,-5.876.898,0,2,0,2,0,,2,Asfalto,Apto,Seca,Atardecer,NO,Despejado,Buena,Sin Semáforo,Motocicleta
815,85438,2020-01-08,21:50:00,Urbana,Avenida,AV SARMIENTO,2600,Y PATAGONIA,-2.749.071,-5.883.122,1,1,0,2,0,,2,Asfalto,Apto,Seca,Noche,SI,Despejado,Buena,Funciona,Automóvil
816,85438,2020-01-08,21:50:00,Urbana,Avenida,AV SARMIENTO,2600,Y PATAGONIA,-2.749.071,-5.883.122,1,1,0,2,0,,2,Asfalto,Apto,Seca,Noche,SI,Despejado,Buena,Funciona,Motocicleta
817,91678,2020-01-08,11:10:00,Urbana,Ruta Provincial,RUTA PROVINCIAL Nª 5,2  1/2,FRENTE A BJB,-2.748.973,-5.875.857,1,1,0,2,0,,2,Asfalto,Apto,Seca,Día,NO,Despejado,Buena,Sin Semáforo,Automóvil
818,91678,2020-01-08,11:10:00,Urbana,Ruta Provincial,RUTA PROVINCIAL Nª 5,2  1/2,FRENTE A BJB,-2.748.973,-5.875.857,1,1,0,2,0,,2,Asfalto,Apto,Seca,Día,NO,Despejado,Buena,Sin Semáforo,Bicicleta
819,74890,2020-01-08,07:00:00,Urbana,Avenida,AV.C.CORRENTINO,4400,MEDRANO,-2.748.758,-5.879.941,0,1,0,2,0,,2,Asfalto,Apto,Mojada,Amanecer,SI,Nublado,Buena,Sin Semáforo,Motocicleta
820,74890,2020-01-08,07:00:00,Urbana,Avenida,AV.C.CORRENTINO,4400,MEDRANO,-2.748.758,-5.879.941,0,1,0,2,0,,2,Asfalto,Apto,Mojada,Amanecer,SI,Nublado,Buena,Sin Semáforo,Motocicleta
821,74108,2020-01-08,09:00:00,Urbana,Avenida,AV ARMEIA,2650,MEXICO,-2.746.749,-5.881.437,2,0,0,2,0,Lateral,2,Asfalto,Apto,Seca,Día,NO,Despejado,Buena,Sin Semáforo,Motocicleta
822,74108,2020-01-08,09:00:00,Urbana,Avenida,AV ARMEIA,2650,MEXICO,-2.746.749,-5.881.437,2,0,0,2,0,Lateral,2,Asfalto,Apto,Seca,Día,NO,Despejado,Buena,Sin Semáforo,Automóvil
823,74784,2020-01-08,16:55:00,Urbana,Calle,H. YRIGOYEN,2400,V.SARSFIEL,-2.747.022,-5.882.041,1,1,0,2,0,,2,Hormigón,Apto,Mojada,Día,NO,Lluvia,Buena,Sin Semáforo,Camioneta/Utilitario
824,74784,2020-01-08,16:55:00,Urbana,Calle,H. YRIGOYEN,2400,V.SARSFIEL,-2.747.022,-5.882.041,1,1,0,2,0,,2,Hormigón,Apto,Mojada,Día,NO,Lluvia,Buena,Sin Semáforo,Motocicleta
825,90041,2020-01-07,11:35:00,Urbana,Calle,JUNIN,700,,-2.746.722,-5.884.165,1,0,0,1,0,,1,Asfalto,Apto,Seca,Día,NO,Despejado,,Sin Semáforo,Motocicleta
826,74033,2020-01-07,12:15:00,Urbana,Avenida,AV.R.R.ALFONSIN,4500,,-2.747.557,-5.879.566,3,1,0,2,0,,2,Hormigón,Apto,"Despejada, Seca",Día,NO,Despejado,Buena,Sin Semáforo,Motocicleta
827,74033,2020-01-07,12:15:00,Urbana,Avenida,AV.R.R.ALFONSIN,4500,,-2.747.557,-5.879.566,3,1,0,2,0,,2,Hormigón,Apto,"Despejada, Seca",Día,NO,Despejado,Buena,Sin Semáforo,Automóvil
828,87513,2020-01-06,08:33:00,Urbana,Avenida,AV INDEPENDENCIA,4400,MEDRANO,-2.748.171,-5.879.839,1,0,0,1,0,,1,Asfalto,Apto,Seca,Día,NO,Despejado,Buena,Funciona,Motocicleta
829,81359,2020-01-04,20:50:00,Urbana,Avenida,AV IBERA,1700,AV SARMIENO,-2.749.839,-5.883.283,2,0,0,2,0,Lateral,2,Asfalto,Apto,Despejada,Noche,SI,Despejado,Buena,Sin Semáforo,Automóvil
830,81359,2020-01-04,20:50:00,Urbana,Avenida,AV IBERA,1700,AV SARMIENO,-2.749.839,-5.883.283,2,0,0,2,0,Lateral,2,Asfalto,Apto,Despejada,Noche,SI,Despejado,Buena,Sin Semáforo,Motocicleta
831,90039,2020-01-03,07:00:00,Urbana,Avenida,AV 3 DE ABRIL,1300,CORDOBA,-2.747.603,-5.883.533,2,1,0,2,0,,2,Asfalto,,Seca,Día,NO,Despejado,Buena,Funciona,Automóvil
832,90039,2020-01-03,07:00:00,Urbana,Avenida,AV 3 DE ABRIL,1300,CORDOBA,-2.747.603,-5.883.533,2,1,0,2,0,,2,Asfalto,,Seca,Día,NO,Despejado,Buena,Funciona,Bicicleta
833,73999,2020-01-03,13:35:00,Urbana,Avenida,AV FERRE,2200,ROCA,-2.747.730,-5.882.368,1,2,0,2,0,Alcance,2,Asfalto,Apto,Seca,Día,NO,Despejado,Buena,Funciona,Automóvil
834,73999,2020-01-03,13:35:00,Urbana,Avenida,AV FERRE,2200,ROCA,-2.747.730,-5.882.368,1,2,0,2,0,Alcance,2,Asfalto,Apto,Seca,Día,NO,Despejado,Buena,Funciona,Motocicleta